ID,Question,Answer,Evaluation Category,Score
118419,"Considering the network of pegylated drugs, how might a drug like Elapegademase indirectly influence conditions typically managed through Granulocyte colony-stimulating factor receptor stimulation?","Through its connection to Pegfilgrastim, a G-CSF receptor agonist, Elapegademase, though primarily used for methylmalonic acidemia, is part of a pegylated drug network that can modulate immune responses. This indirect pathway suggests a potential, broader influence on neutropenic conditions, highlighting the complex interplay of pegylated therapies in managing immune-related disorders.",Scientific Validity of the Question,5. Completely valid: Perfectly aligned with current scientific understanding and uses appropriate terminology
118419,"Considering the network of pegylated drugs, how might a drug like Elapegademase indirectly influence conditions typically managed through Granulocyte colony-stimulating factor receptor stimulation?","Through its connection to Pegfilgrastim, a G-CSF receptor agonist, Elapegademase, though primarily used for methylmalonic acidemia, is part of a pegylated drug network that can modulate immune responses. This indirect pathway suggests a potential, broader influence on neutropenic conditions, highlighting the complex interplay of pegylated therapies in managing immune-related disorders.",Scientific Validity of the Answer,2. Slightly valid: Major scientific inaccuracies mixed with some valid information
118419,"Considering the network of pegylated drugs, how might a drug like Elapegademase indirectly influence conditions typically managed through Granulocyte colony-stimulating factor receptor stimulation?","Through its connection to Pegfilgrastim, a G-CSF receptor agonist, Elapegademase, though primarily used for methylmalonic acidemia, is part of a pegylated drug network that can modulate immune responses. This indirect pathway suggests a potential, broader influence on neutropenic conditions, highlighting the complex interplay of pegylated therapies in managing immune-related disorders.",Question Complexity,5. Very complex: Question requiring synthesis of specialized knowledge across multiple biomedical domains or involving cutting-edge research
118419,"Considering the network of pegylated drugs, how might a drug like Elapegademase indirectly influence conditions typically managed through Granulocyte colony-stimulating factor receptor stimulation?","Through its connection to Pegfilgrastim, a G-CSF receptor agonist, Elapegademase, though primarily used for methylmalonic acidemia, is part of a pegylated drug network that can modulate immune responses. This indirect pathway suggests a potential, broader influence on neutropenic conditions, highlighting the complex interplay of pegylated therapies in managing immune-related disorders.",Specificity of Answer,2. Somewhat general: Answer provides some specifics but lacks precision
118419,"Considering the network of pegylated drugs, how might a drug like Elapegademase indirectly influence conditions typically managed through Granulocyte colony-stimulating factor receptor stimulation?","Through its connection to Pegfilgrastim, a G-CSF receptor agonist, Elapegademase, though primarily used for methylmalonic acidemia, is part of a pegylated drug network that can modulate immune responses. This indirect pathway suggests a potential, broader influence on neutropenic conditions, highlighting the complex interplay of pegylated therapies in managing immune-related disorders.",Answer Completeness,3. Moderately complete: Answer covers most critical elements but lacks some details or supporting points
248387,"In the context of Vif-mediated degradation of APOBEC3G, what type of proteasome subunit is most directly involved in the final breakdown of targeted proteins?","The proteasome 20S subunit alpha 3 is most directly involved in the final breakdown of targeted proteins. This is because Vif-mediated degradation of APOBEC3G ultimately leads to the ubiquitinated APOBEC3G being processed by the 26S proteasome, which consists of one 20S core particle and two 19S regulatory particles. The 20S core, containing subunits like the proteasome 20S subunit alpha 3, is responsible for the proteolytic degradation of the substrate. Nodes 2 and 3, representing parts of the 26S proteasome, facilitate the recognition and unfolding of the substrate, but it is the 20S subunit that executes the breakdown.",Scientific Validity of the Question,5. Completely valid: Perfectly aligned with current scientific understanding and uses appropriate terminology
248387,"In the context of Vif-mediated degradation of APOBEC3G, what type of proteasome subunit is most directly involved in the final breakdown of targeted proteins?","The proteasome 20S subunit alpha 3 is most directly involved in the final breakdown of targeted proteins. This is because Vif-mediated degradation of APOBEC3G ultimately leads to the ubiquitinated APOBEC3G being processed by the 26S proteasome, which consists of one 20S core particle and two 19S regulatory particles. The 20S core, containing subunits like the proteasome 20S subunit alpha 3, is responsible for the proteolytic degradation of the substrate. Nodes 2 and 3, representing parts of the 26S proteasome, facilitate the recognition and unfolding of the substrate, but it is the 20S subunit that executes the breakdown.",Scientific Validity of the Answer,3. Moderately valid: Contains minor scientific inaccuracies but the core information is correct
248387,"In the context of Vif-mediated degradation of APOBEC3G, what type of proteasome subunit is most directly involved in the final breakdown of targeted proteins?","The proteasome 20S subunit alpha 3 is most directly involved in the final breakdown of targeted proteins. This is because Vif-mediated degradation of APOBEC3G ultimately leads to the ubiquitinated APOBEC3G being processed by the 26S proteasome, which consists of one 20S core particle and two 19S regulatory particles. The 20S core, containing subunits like the proteasome 20S subunit alpha 3, is responsible for the proteolytic degradation of the substrate. Nodes 2 and 3, representing parts of the 26S proteasome, facilitate the recognition and unfolding of the substrate, but it is the 20S subunit that executes the breakdown.",Question Complexity,4. Complex: Question requiring advanced knowledge and analysis of biomedical mechanisms or relationships
248387,"In the context of Vif-mediated degradation of APOBEC3G, what type of proteasome subunit is most directly involved in the final breakdown of targeted proteins?","The proteasome 20S subunit alpha 3 is most directly involved in the final breakdown of targeted proteins. This is because Vif-mediated degradation of APOBEC3G ultimately leads to the ubiquitinated APOBEC3G being processed by the 26S proteasome, which consists of one 20S core particle and two 19S regulatory particles. The 20S core, containing subunits like the proteasome 20S subunit alpha 3, is responsible for the proteolytic degradation of the substrate. Nodes 2 and 3, representing parts of the 26S proteasome, facilitate the recognition and unfolding of the substrate, but it is the 20S subunit that executes the breakdown.",Specificity of Answer,4. Very specific: Answer is detailed and precise
248387,"In the context of Vif-mediated degradation of APOBEC3G, what type of proteasome subunit is most directly involved in the final breakdown of targeted proteins?","The proteasome 20S subunit alpha 3 is most directly involved in the final breakdown of targeted proteins. This is because Vif-mediated degradation of APOBEC3G ultimately leads to the ubiquitinated APOBEC3G being processed by the 26S proteasome, which consists of one 20S core particle and two 19S regulatory particles. The 20S core, containing subunits like the proteasome 20S subunit alpha 3, is responsible for the proteolytic degradation of the substrate. Nodes 2 and 3, representing parts of the 26S proteasome, facilitate the recognition and unfolding of the substrate, but it is the 20S subunit that executes the breakdown.",Answer Completeness,4. Very complete: Answer addresses nearly all aspects of the question with appropriate depth and context
1920,"Considering the role of proteasomal degradation in signal transduction, how might alterations in the function of specific proteasome subunits (e.g., 20S alpha 5 and 26S non-ATPase 10) potentially modulate downstream TCR signaling pathways, specifically influencing the activity of a particular MAPK signaling cascade?","Alterations in proteasome function, through subunits like 20S alpha 5 and 26S non-ATPase 10, can impact protein degradation rates, thereby influencing downstream TCR signaling. This could specifically affect the MAPK6/MAPK4 pathway, which is linked to proteasomal regulation. The impact on MAPK6/MAPK4 would modulate cellular responses to TCR signaling, including stress responses and potentially the efficacy of immune cell activation. This modulation occurs because the proteasome's degradation activity can regulate the availability of signaling proteins, thus indirectly influencing the intensity and duration of the MAPK6/MAPK4 response.",Not qualified to evaluate,I cannot evaluate this case with confidence.
168555,What oral side effect might be exacerbated by both the inflammatory response of tuberculosis and the metabolic byproducts of its treatment with Pyrazinamide?,"Gingival enlargement. This condition can be exacerbated in patients treated with Pyrazinamide for tuberculosis due to the drug's impact on liver enzymes, such as those from the UDP glucuronosyltransferase family (e.g., UGT1A3), which can lead to increased levels of potentially toxic metabolites. Additionally, the body's inflammatory response, mediated by cytokines like interleukin 6 (IL-6), can contribute to the severity of gingival enlargement in the context of chronic infection and medication side effects.",Not qualified to evaluate,I cannot evaluate this case with confidence.
210914,"In the context of drug development for chronic conditions, what type of biochemical modification is commonly applied to enhance the half-life of therapeutic proteins like epoetin beta, and how does this modification impact the drug's pharmacokinetics?","The biochemical modification commonly applied is PEGylation, which involves the covalent attachment of polyethylene glycol (PEG) molecules to the therapeutic protein, such as Methoxy_polyethylene_glycol-epoetin_beta. This PEGylation process, as seen with PEG-uricase and implied through connections with other PEGylated compounds in the graph (e.g., Peginterferon_alfa-2a, Abicipar Pegol, Pegsunercept), significantly enhances the half-life of these therapeutic proteins by reducing immunogenicity, decreasing renal clearance, and protecting against proteolytic degradation, thereby leading to more sustained drug exposure and potentially improved therapeutic outcomes.",Scientific Validity of the Question,5. Completely valid: Perfectly aligned with current scientific understanding and uses appropriate terminology
210914,"In the context of drug development for chronic conditions, what type of biochemical modification is commonly applied to enhance the half-life of therapeutic proteins like epoetin beta, and how does this modification impact the drug's pharmacokinetics?","The biochemical modification commonly applied is PEGylation, which involves the covalent attachment of polyethylene glycol (PEG) molecules to the therapeutic protein, such as Methoxy_polyethylene_glycol-epoetin_beta. This PEGylation process, as seen with PEG-uricase and implied through connections with other PEGylated compounds in the graph (e.g., Peginterferon_alfa-2a, Abicipar Pegol, Pegsunercept), significantly enhances the half-life of these therapeutic proteins by reducing immunogenicity, decreasing renal clearance, and protecting against proteolytic degradation, thereby leading to more sustained drug exposure and potentially improved therapeutic outcomes.",Scientific Validity of the Answer,"5. Completely valid: Perfectly aligned with current scientific understanding, comprehensive, and appropriately nuanced"
210914,"In the context of drug development for chronic conditions, what type of biochemical modification is commonly applied to enhance the half-life of therapeutic proteins like epoetin beta, and how does this modification impact the drug's pharmacokinetics?","The biochemical modification commonly applied is PEGylation, which involves the covalent attachment of polyethylene glycol (PEG) molecules to the therapeutic protein, such as Methoxy_polyethylene_glycol-epoetin_beta. This PEGylation process, as seen with PEG-uricase and implied through connections with other PEGylated compounds in the graph (e.g., Peginterferon_alfa-2a, Abicipar Pegol, Pegsunercept), significantly enhances the half-life of these therapeutic proteins by reducing immunogenicity, decreasing renal clearance, and protecting against proteolytic degradation, thereby leading to more sustained drug exposure and potentially improved therapeutic outcomes.",Question Complexity,4. Complex: Question requiring advanced knowledge and analysis of biomedical mechanisms or relationships
210914,"In the context of drug development for chronic conditions, what type of biochemical modification is commonly applied to enhance the half-life of therapeutic proteins like epoetin beta, and how does this modification impact the drug's pharmacokinetics?","The biochemical modification commonly applied is PEGylation, which involves the covalent attachment of polyethylene glycol (PEG) molecules to the therapeutic protein, such as Methoxy_polyethylene_glycol-epoetin_beta. This PEGylation process, as seen with PEG-uricase and implied through connections with other PEGylated compounds in the graph (e.g., Peginterferon_alfa-2a, Abicipar Pegol, Pegsunercept), significantly enhances the half-life of these therapeutic proteins by reducing immunogenicity, decreasing renal clearance, and protecting against proteolytic degradation, thereby leading to more sustained drug exposure and potentially improved therapeutic outcomes.",Specificity of Answer,"5. Highly specific: Answer provides exceptional detail and precision, including quantitative data when appropriate"
210914,"In the context of drug development for chronic conditions, what type of biochemical modification is commonly applied to enhance the half-life of therapeutic proteins like epoetin beta, and how does this modification impact the drug's pharmacokinetics?","The biochemical modification commonly applied is PEGylation, which involves the covalent attachment of polyethylene glycol (PEG) molecules to the therapeutic protein, such as Methoxy_polyethylene_glycol-epoetin_beta. This PEGylation process, as seen with PEG-uricase and implied through connections with other PEGylated compounds in the graph (e.g., Peginterferon_alfa-2a, Abicipar Pegol, Pegsunercept), significantly enhances the half-life of these therapeutic proteins by reducing immunogenicity, decreasing renal clearance, and protecting against proteolytic degradation, thereby leading to more sustained drug exposure and potentially improved therapeutic outcomes.",Answer Completeness,"5. Fully complete: The answer fully and comprehensively covers every aspect of the question, leaving no gaps in information."
161616,"In the context of cellular regulation, what type of molecular machinery is likely involved in the degradation of AURKA protein, which is down-regulated by FBXL7 during mitotic entry and early mitosis, and how might this process be influenced by the binding of AUF1 to specific mRNA?","The degradation of AURKA protein, down-regulated by FBXL7, is likely facilitated by the ubiquitin-proteasome pathway, specifically involving the 26S proteasome complex. This complex, comprising non-ATPase subunits like PSMD1 (proteasome 26S subunit, non-ATPase 1) and PSMD4 (proteasome 26S subunit, non-ATPase 4, inferred from the pattern of non-ATPase subunits), recognizes and degrades ubiquitinated AURKA. Meanwhile, AUF1's binding to and destabilization of specific mRNAs could indirectly influence this process by regulating the expression of proteins involved in the ubiquitination or proteasomal degradation pathways, potentially affecting the turnover of AURKA during cell cycle progression.",Scientific Validity of the Question,5. Completely valid: Perfectly aligned with current scientific understanding and uses appropriate terminology
161616,"In the context of cellular regulation, what type of molecular machinery is likely involved in the degradation of AURKA protein, which is down-regulated by FBXL7 during mitotic entry and early mitosis, and how might this process be influenced by the binding of AUF1 to specific mRNA?","The degradation of AURKA protein, down-regulated by FBXL7, is likely facilitated by the ubiquitin-proteasome pathway, specifically involving the 26S proteasome complex. This complex, comprising non-ATPase subunits like PSMD1 (proteasome 26S subunit, non-ATPase 1) and PSMD4 (proteasome 26S subunit, non-ATPase 4, inferred from the pattern of non-ATPase subunits), recognizes and degrades ubiquitinated AURKA. Meanwhile, AUF1's binding to and destabilization of specific mRNAs could indirectly influence this process by regulating the expression of proteins involved in the ubiquitination or proteasomal degradation pathways, potentially affecting the turnover of AURKA during cell cycle progression.",Scientific Validity of the Answer,"5. Completely valid: Perfectly aligned with current scientific understanding, comprehensive, and appropriately nuanced"
161616,"In the context of cellular regulation, what type of molecular machinery is likely involved in the degradation of AURKA protein, which is down-regulated by FBXL7 during mitotic entry and early mitosis, and how might this process be influenced by the binding of AUF1 to specific mRNA?","The degradation of AURKA protein, down-regulated by FBXL7, is likely facilitated by the ubiquitin-proteasome pathway, specifically involving the 26S proteasome complex. This complex, comprising non-ATPase subunits like PSMD1 (proteasome 26S subunit, non-ATPase 1) and PSMD4 (proteasome 26S subunit, non-ATPase 4, inferred from the pattern of non-ATPase subunits), recognizes and degrades ubiquitinated AURKA. Meanwhile, AUF1's binding to and destabilization of specific mRNAs could indirectly influence this process by regulating the expression of proteins involved in the ubiquitination or proteasomal degradation pathways, potentially affecting the turnover of AURKA during cell cycle progression.",Question Complexity,4. Complex: Question requiring advanced knowledge and analysis of biomedical mechanisms or relationships
161616,"In the context of cellular regulation, what type of molecular machinery is likely involved in the degradation of AURKA protein, which is down-regulated by FBXL7 during mitotic entry and early mitosis, and how might this process be influenced by the binding of AUF1 to specific mRNA?","The degradation of AURKA protein, down-regulated by FBXL7, is likely facilitated by the ubiquitin-proteasome pathway, specifically involving the 26S proteasome complex. This complex, comprising non-ATPase subunits like PSMD1 (proteasome 26S subunit, non-ATPase 1) and PSMD4 (proteasome 26S subunit, non-ATPase 4, inferred from the pattern of non-ATPase subunits), recognizes and degrades ubiquitinated AURKA. Meanwhile, AUF1's binding to and destabilization of specific mRNAs could indirectly influence this process by regulating the expression of proteins involved in the ubiquitination or proteasomal degradation pathways, potentially affecting the turnover of AURKA during cell cycle progression.",Specificity of Answer,4. Very specific: Answer is detailed and precise
161616,"In the context of cellular regulation, what type of molecular machinery is likely involved in the degradation of AURKA protein, which is down-regulated by FBXL7 during mitotic entry and early mitosis, and how might this process be influenced by the binding of AUF1 to specific mRNA?","The degradation of AURKA protein, down-regulated by FBXL7, is likely facilitated by the ubiquitin-proteasome pathway, specifically involving the 26S proteasome complex. This complex, comprising non-ATPase subunits like PSMD1 (proteasome 26S subunit, non-ATPase 1) and PSMD4 (proteasome 26S subunit, non-ATPase 4, inferred from the pattern of non-ATPase subunits), recognizes and degrades ubiquitinated AURKA. Meanwhile, AUF1's binding to and destabilization of specific mRNAs could indirectly influence this process by regulating the expression of proteins involved in the ubiquitination or proteasomal degradation pathways, potentially affecting the turnover of AURKA during cell cycle progression.",Answer Completeness,"5. Fully complete: The answer fully and comprehensively covers every aspect of the question, leaving no gaps in information."
210315,"In research settings, what aminoglycoside antibiotic, which inhibits protein synthesis, might be used to model or study the cellular effects of voltage-gated sodium channel blockers like Neosaxitoxin, considering the broader context of neurotoxin and antibiotic interactions?","G418 is an aminoglycoside antibiotic that inhibits protein synthesis by binding to the bacterial 30S ribosomal subunit. Its mechanism makes it a suitable candidate for research settings studying the effects of toxins like Neosaxitoxin. The connection through compounds like GTS-21, and the broader network including Botulinum_toxin and Neomycin, highlights the complex interplay of neurotoxins and antibiotics in biomedical research, offering a nuanced model for studying Neosaxitoxin's cellular impacts.",Scientific Validity of the Question,5. Completely valid: Perfectly aligned with current scientific understanding and uses appropriate terminology
210315,"In research settings, what aminoglycoside antibiotic, which inhibits protein synthesis, might be used to model or study the cellular effects of voltage-gated sodium channel blockers like Neosaxitoxin, considering the broader context of neurotoxin and antibiotic interactions?","G418 is an aminoglycoside antibiotic that inhibits protein synthesis by binding to the bacterial 30S ribosomal subunit. Its mechanism makes it a suitable candidate for research settings studying the effects of toxins like Neosaxitoxin. The connection through compounds like GTS-21, and the broader network including Botulinum_toxin and Neomycin, highlights the complex interplay of neurotoxins and antibiotics in biomedical research, offering a nuanced model for studying Neosaxitoxin's cellular impacts.",Scientific Validity of the Answer,4. Very valid: Scientifically accurate with only trivial imprecisions
210315,"In research settings, what aminoglycoside antibiotic, which inhibits protein synthesis, might be used to model or study the cellular effects of voltage-gated sodium channel blockers like Neosaxitoxin, considering the broader context of neurotoxin and antibiotic interactions?","G418 is an aminoglycoside antibiotic that inhibits protein synthesis by binding to the bacterial 30S ribosomal subunit. Its mechanism makes it a suitable candidate for research settings studying the effects of toxins like Neosaxitoxin. The connection through compounds like GTS-21, and the broader network including Botulinum_toxin and Neomycin, highlights the complex interplay of neurotoxins and antibiotics in biomedical research, offering a nuanced model for studying Neosaxitoxin's cellular impacts.",Question Complexity,5. Very complex: Question requiring synthesis of specialized knowledge across multiple biomedical domains or involving cutting-edge research
210315,"In research settings, what aminoglycoside antibiotic, which inhibits protein synthesis, might be used to model or study the cellular effects of voltage-gated sodium channel blockers like Neosaxitoxin, considering the broader context of neurotoxin and antibiotic interactions?","G418 is an aminoglycoside antibiotic that inhibits protein synthesis by binding to the bacterial 30S ribosomal subunit. Its mechanism makes it a suitable candidate for research settings studying the effects of toxins like Neosaxitoxin. The connection through compounds like GTS-21, and the broader network including Botulinum_toxin and Neomycin, highlights the complex interplay of neurotoxins and antibiotics in biomedical research, offering a nuanced model for studying Neosaxitoxin's cellular impacts.",Specificity of Answer,2. Somewhat general: Answer provides some specifics but lacks precision
210315,"In research settings, what aminoglycoside antibiotic, which inhibits protein synthesis, might be used to model or study the cellular effects of voltage-gated sodium channel blockers like Neosaxitoxin, considering the broader context of neurotoxin and antibiotic interactions?","G418 is an aminoglycoside antibiotic that inhibits protein synthesis by binding to the bacterial 30S ribosomal subunit. Its mechanism makes it a suitable candidate for research settings studying the effects of toxins like Neosaxitoxin. The connection through compounds like GTS-21, and the broader network including Botulinum_toxin and Neomycin, highlights the complex interplay of neurotoxins and antibiotics in biomedical research, offering a nuanced model for studying Neosaxitoxin's cellular impacts.",Answer Completeness,3. Moderately complete: Answer covers most critical elements but lacks some details or supporting points
148330,"A patient is undergoing chemotherapy and is at risk of febrile neutropenia. Considering the mechanism of action, which biologic agent, related to Pegfilgrastim, could be used to stimulate neutrophil production, thereby reducing this risk, and what is its unique characteristic?","Lipegfilgrastim is the biologic agent related to Pegfilgrastim that could be used. Its unique characteristic is that it is a glycopegylated granulocyte colony-stimulating factor (G-CSF) analog, which, similar to Pegfilgrastim, a pegylated G-CSF, stimulates neutrophil production but with potentially improved pharmacokinetics due to its glycopegylation, offering a longer duration of action and possibly more convenient administration schedules.",Scientific Validity of the Question,5. Completely valid: Perfectly aligned with current scientific understanding and uses appropriate terminology
148330,"A patient is undergoing chemotherapy and is at risk of febrile neutropenia. Considering the mechanism of action, which biologic agent, related to Pegfilgrastim, could be used to stimulate neutrophil production, thereby reducing this risk, and what is its unique characteristic?","Lipegfilgrastim is the biologic agent related to Pegfilgrastim that could be used. Its unique characteristic is that it is a glycopegylated granulocyte colony-stimulating factor (G-CSF) analog, which, similar to Pegfilgrastim, a pegylated G-CSF, stimulates neutrophil production but with potentially improved pharmacokinetics due to its glycopegylation, offering a longer duration of action and possibly more convenient administration schedules.",Scientific Validity of the Answer,"5. Completely valid: Perfectly aligned with current scientific understanding, comprehensive, and appropriately nuanced"
148330,"A patient is undergoing chemotherapy and is at risk of febrile neutropenia. Considering the mechanism of action, which biologic agent, related to Pegfilgrastim, could be used to stimulate neutrophil production, thereby reducing this risk, and what is its unique characteristic?","Lipegfilgrastim is the biologic agent related to Pegfilgrastim that could be used. Its unique characteristic is that it is a glycopegylated granulocyte colony-stimulating factor (G-CSF) analog, which, similar to Pegfilgrastim, a pegylated G-CSF, stimulates neutrophil production but with potentially improved pharmacokinetics due to its glycopegylation, offering a longer duration of action and possibly more convenient administration schedules.",Question Complexity,4. Complex: Question requiring advanced knowledge and analysis of biomedical mechanisms or relationships
148330,"A patient is undergoing chemotherapy and is at risk of febrile neutropenia. Considering the mechanism of action, which biologic agent, related to Pegfilgrastim, could be used to stimulate neutrophil production, thereby reducing this risk, and what is its unique characteristic?","Lipegfilgrastim is the biologic agent related to Pegfilgrastim that could be used. Its unique characteristic is that it is a glycopegylated granulocyte colony-stimulating factor (G-CSF) analog, which, similar to Pegfilgrastim, a pegylated G-CSF, stimulates neutrophil production but with potentially improved pharmacokinetics due to its glycopegylation, offering a longer duration of action and possibly more convenient administration schedules.",Specificity of Answer,3. Appropriately specific: Answer provides the right level of detail for the question
148330,"A patient is undergoing chemotherapy and is at risk of febrile neutropenia. Considering the mechanism of action, which biologic agent, related to Pegfilgrastim, could be used to stimulate neutrophil production, thereby reducing this risk, and what is its unique characteristic?","Lipegfilgrastim is the biologic agent related to Pegfilgrastim that could be used. Its unique characteristic is that it is a glycopegylated granulocyte colony-stimulating factor (G-CSF) analog, which, similar to Pegfilgrastim, a pegylated G-CSF, stimulates neutrophil production but with potentially improved pharmacokinetics due to its glycopegylation, offering a longer duration of action and possibly more convenient administration schedules.",Answer Completeness,"5. Fully complete: The answer fully and comprehensively covers every aspect of the question, leaving no gaps in information."
105245,"How might a non-pegylated interferon, related to those used in combination therapies for Chronic hepatitis C, enhance the efficacy of direct-acting antivirals like Sofosbuvir?","Interferon lambda 3, through its antiviral and immunomodulatory effects, can enhance the treatment efficacy of Sofosbuvir in Chronic hepatitis C by inducing a protective antiviral state in hepatocytes, thereby complementing the direct viral suppression mechanism of Sofosbuvir and potentially leading to improved clinical outcomes.",Scientific Validity of the Question,5. Completely valid: Perfectly aligned with current scientific understanding and uses appropriate terminology
105245,"How might a non-pegylated interferon, related to those used in combination therapies for Chronic hepatitis C, enhance the efficacy of direct-acting antivirals like Sofosbuvir?","Interferon lambda 3, through its antiviral and immunomodulatory effects, can enhance the treatment efficacy of Sofosbuvir in Chronic hepatitis C by inducing a protective antiviral state in hepatocytes, thereby complementing the direct viral suppression mechanism of Sofosbuvir and potentially leading to improved clinical outcomes.",Scientific Validity of the Answer,3. Moderately valid: Contains minor scientific inaccuracies but the core information is correct
105245,"How might a non-pegylated interferon, related to those used in combination therapies for Chronic hepatitis C, enhance the efficacy of direct-acting antivirals like Sofosbuvir?","Interferon lambda 3, through its antiviral and immunomodulatory effects, can enhance the treatment efficacy of Sofosbuvir in Chronic hepatitis C by inducing a protective antiviral state in hepatocytes, thereby complementing the direct viral suppression mechanism of Sofosbuvir and potentially leading to improved clinical outcomes.",Question Complexity,3. Moderate: Question requiring integration of multiple biomedical concepts
105245,"How might a non-pegylated interferon, related to those used in combination therapies for Chronic hepatitis C, enhance the efficacy of direct-acting antivirals like Sofosbuvir?","Interferon lambda 3, through its antiviral and immunomodulatory effects, can enhance the treatment efficacy of Sofosbuvir in Chronic hepatitis C by inducing a protective antiviral state in hepatocytes, thereby complementing the direct viral suppression mechanism of Sofosbuvir and potentially leading to improved clinical outcomes.",Specificity of Answer,2. Somewhat general: Answer provides some specifics but lacks precision
105245,"How might a non-pegylated interferon, related to those used in combination therapies for Chronic hepatitis C, enhance the efficacy of direct-acting antivirals like Sofosbuvir?","Interferon lambda 3, through its antiviral and immunomodulatory effects, can enhance the treatment efficacy of Sofosbuvir in Chronic hepatitis C by inducing a protective antiviral state in hepatocytes, thereby complementing the direct viral suppression mechanism of Sofosbuvir and potentially leading to improved clinical outcomes.",Answer Completeness,"5. Fully complete: The answer fully and comprehensively covers every aspect of the question, leaving no gaps in information."
181091,"What type of therapeutic agent, related to stimulating erythropoiesis, might interact with the erythropoietin receptor in a manner that could potentially offer an alternative or complementary treatment approach to traditional erythropoietin (EPO) therapies, especially in patients with chronic kidney disease or those undergoing chemotherapy?","Peginesatide, a synthetic, pegylated peptide, is designed to stimulate erythropoiesis by interacting with the erythropoietin receptor. Unlike traditional EPO therapies, peginesatide offers a selective erythropoiesis-stimulating protein approach, which could serve as an alternative or complement to conventional EPO treatments, particularly beneficial in patients with chronic kidney disease or those undergoing chemotherapy where traditional EPO therapies may have limitations or adverse effects.",Scientific Validity of the Question,5. Completely valid: Perfectly aligned with current scientific understanding and uses appropriate terminology
181091,"What type of therapeutic agent, related to stimulating erythropoiesis, might interact with the erythropoietin receptor in a manner that could potentially offer an alternative or complementary treatment approach to traditional erythropoietin (EPO) therapies, especially in patients with chronic kidney disease or those undergoing chemotherapy?","Peginesatide, a synthetic, pegylated peptide, is designed to stimulate erythropoiesis by interacting with the erythropoietin receptor. Unlike traditional EPO therapies, peginesatide offers a selective erythropoiesis-stimulating protein approach, which could serve as an alternative or complement to conventional EPO treatments, particularly beneficial in patients with chronic kidney disease or those undergoing chemotherapy where traditional EPO therapies may have limitations or adverse effects.",Scientific Validity of the Answer,2. Slightly valid: Major scientific inaccuracies mixed with some valid information
181091,"What type of therapeutic agent, related to stimulating erythropoiesis, might interact with the erythropoietin receptor in a manner that could potentially offer an alternative or complementary treatment approach to traditional erythropoietin (EPO) therapies, especially in patients with chronic kidney disease or those undergoing chemotherapy?","Peginesatide, a synthetic, pegylated peptide, is designed to stimulate erythropoiesis by interacting with the erythropoietin receptor. Unlike traditional EPO therapies, peginesatide offers a selective erythropoiesis-stimulating protein approach, which could serve as an alternative or complement to conventional EPO treatments, particularly beneficial in patients with chronic kidney disease or those undergoing chemotherapy where traditional EPO therapies may have limitations or adverse effects.",Question Complexity,3. Moderate: Question requiring integration of multiple biomedical concepts
181091,"What type of therapeutic agent, related to stimulating erythropoiesis, might interact with the erythropoietin receptor in a manner that could potentially offer an alternative or complementary treatment approach to traditional erythropoietin (EPO) therapies, especially in patients with chronic kidney disease or those undergoing chemotherapy?","Peginesatide, a synthetic, pegylated peptide, is designed to stimulate erythropoiesis by interacting with the erythropoietin receptor. Unlike traditional EPO therapies, peginesatide offers a selective erythropoiesis-stimulating protein approach, which could serve as an alternative or complement to conventional EPO treatments, particularly beneficial in patients with chronic kidney disease or those undergoing chemotherapy where traditional EPO therapies may have limitations or adverse effects.",Specificity of Answer,2. Somewhat general: Answer provides some specifics but lacks precision
181091,"What type of therapeutic agent, related to stimulating erythropoiesis, might interact with the erythropoietin receptor in a manner that could potentially offer an alternative or complementary treatment approach to traditional erythropoietin (EPO) therapies, especially in patients with chronic kidney disease or those undergoing chemotherapy?","Peginesatide, a synthetic, pegylated peptide, is designed to stimulate erythropoiesis by interacting with the erythropoietin receptor. Unlike traditional EPO therapies, peginesatide offers a selective erythropoiesis-stimulating protein approach, which could serve as an alternative or complement to conventional EPO treatments, particularly beneficial in patients with chronic kidney disease or those undergoing chemotherapy where traditional EPO therapies may have limitations or adverse effects.",Answer Completeness,2. Partially complete: Answer addresses some key elements but omits several important aspects of the question
120853,"Considering the biochemical profiles of compounds like Trichostatin A, how might a naturally occurring compound like Asiatic Acid influence the behavior of a specific cancer cell line known to interact with histone deacetylase inhibitors?","Asiatic Acid could potentially affect NCI-N87, a gastric carcinoma cell line, by a mechanism related to epigenetic modulation, given the cell line's known interaction with Trichostatin A, a histone deacetylase inhibitor. This influence might manifest as altered cell proliferation or apoptosis, consistent with the broader impacts of histone deacetylase inhibition in cancer research.",Scientific Validity of the Question,5. Completely valid: Perfectly aligned with current scientific understanding and uses appropriate terminology
120853,"Considering the biochemical profiles of compounds like Trichostatin A, how might a naturally occurring compound like Asiatic Acid influence the behavior of a specific cancer cell line known to interact with histone deacetylase inhibitors?","Asiatic Acid could potentially affect NCI-N87, a gastric carcinoma cell line, by a mechanism related to epigenetic modulation, given the cell line's known interaction with Trichostatin A, a histone deacetylase inhibitor. This influence might manifest as altered cell proliferation or apoptosis, consistent with the broader impacts of histone deacetylase inhibition in cancer research.",Scientific Validity of the Answer,4. Very valid: Scientifically accurate with only trivial imprecisions
120853,"Considering the biochemical profiles of compounds like Trichostatin A, how might a naturally occurring compound like Asiatic Acid influence the behavior of a specific cancer cell line known to interact with histone deacetylase inhibitors?","Asiatic Acid could potentially affect NCI-N87, a gastric carcinoma cell line, by a mechanism related to epigenetic modulation, given the cell line's known interaction with Trichostatin A, a histone deacetylase inhibitor. This influence might manifest as altered cell proliferation or apoptosis, consistent with the broader impacts of histone deacetylase inhibition in cancer research.",Question Complexity,5. Very complex: Question requiring synthesis of specialized knowledge across multiple biomedical domains or involving cutting-edge research
120853,"Considering the biochemical profiles of compounds like Trichostatin A, how might a naturally occurring compound like Asiatic Acid influence the behavior of a specific cancer cell line known to interact with histone deacetylase inhibitors?","Asiatic Acid could potentially affect NCI-N87, a gastric carcinoma cell line, by a mechanism related to epigenetic modulation, given the cell line's known interaction with Trichostatin A, a histone deacetylase inhibitor. This influence might manifest as altered cell proliferation or apoptosis, consistent with the broader impacts of histone deacetylase inhibition in cancer research.",Specificity of Answer,2. Somewhat general: Answer provides some specifics but lacks precision
120853,"Considering the biochemical profiles of compounds like Trichostatin A, how might a naturally occurring compound like Asiatic Acid influence the behavior of a specific cancer cell line known to interact with histone deacetylase inhibitors?","Asiatic Acid could potentially affect NCI-N87, a gastric carcinoma cell line, by a mechanism related to epigenetic modulation, given the cell line's known interaction with Trichostatin A, a histone deacetylase inhibitor. This influence might manifest as altered cell proliferation or apoptosis, consistent with the broader impacts of histone deacetylase inhibition in cancer research.",Answer Completeness,3. Moderately complete: Answer covers most critical elements but lacks some details or supporting points
36419,"In a clinical setting, what antibiotic, known for its efficacy against a broad spectrum of bacteria, might exacerbate neuromuscular blockade when administered, potentially leading to enhanced muscle weakness in patients?","Piperacillin, a broad-spectrum penicillin antibiotic, can potentiate neuromuscular blockade. This is because certain antibiotics, including piperacillin, can interfere with the normal release of acetylcholine from nerve terminals or reduce postsynaptic receptor sensitivity to acetylcholine, thereby enhancing the neuromuscular blocking effects and leading to increased muscle weakness in susceptible patients.",Scientific Validity of the Question,5. Completely valid: Perfectly aligned with current scientific understanding and uses appropriate terminology
36419,"In a clinical setting, what antibiotic, known for its efficacy against a broad spectrum of bacteria, might exacerbate neuromuscular blockade when administered, potentially leading to enhanced muscle weakness in patients?","Piperacillin, a broad-spectrum penicillin antibiotic, can potentiate neuromuscular blockade. This is because certain antibiotics, including piperacillin, can interfere with the normal release of acetylcholine from nerve terminals or reduce postsynaptic receptor sensitivity to acetylcholine, thereby enhancing the neuromuscular blocking effects and leading to increased muscle weakness in susceptible patients.",Scientific Validity of the Answer,4. Very valid: Scientifically accurate with only trivial imprecisions
36419,"In a clinical setting, what antibiotic, known for its efficacy against a broad spectrum of bacteria, might exacerbate neuromuscular blockade when administered, potentially leading to enhanced muscle weakness in patients?","Piperacillin, a broad-spectrum penicillin antibiotic, can potentiate neuromuscular blockade. This is because certain antibiotics, including piperacillin, can interfere with the normal release of acetylcholine from nerve terminals or reduce postsynaptic receptor sensitivity to acetylcholine, thereby enhancing the neuromuscular blocking effects and leading to increased muscle weakness in susceptible patients.",Question Complexity,2. Simple: Straightforward question requiring basic understanding of biomedical concepts
36419,"In a clinical setting, what antibiotic, known for its efficacy against a broad spectrum of bacteria, might exacerbate neuromuscular blockade when administered, potentially leading to enhanced muscle weakness in patients?","Piperacillin, a broad-spectrum penicillin antibiotic, can potentiate neuromuscular blockade. This is because certain antibiotics, including piperacillin, can interfere with the normal release of acetylcholine from nerve terminals or reduce postsynaptic receptor sensitivity to acetylcholine, thereby enhancing the neuromuscular blocking effects and leading to increased muscle weakness in susceptible patients.",Specificity of Answer,3. Appropriately specific: Answer provides the right level of detail for the question
36419,"In a clinical setting, what antibiotic, known for its efficacy against a broad spectrum of bacteria, might exacerbate neuromuscular blockade when administered, potentially leading to enhanced muscle weakness in patients?","Piperacillin, a broad-spectrum penicillin antibiotic, can potentiate neuromuscular blockade. This is because certain antibiotics, including piperacillin, can interfere with the normal release of acetylcholine from nerve terminals or reduce postsynaptic receptor sensitivity to acetylcholine, thereby enhancing the neuromuscular blocking effects and leading to increased muscle weakness in susceptible patients.",Answer Completeness,4. Very complete: Answer addresses nearly all aspects of the question with appropriate depth and context
168859,"In treating skin conditions with Alitretinoin, what intracranial condition, associated with certain drug classes, should clinicians monitor for due to potential pharmacological overlap?","Pseudotumor cerebri (idiopathic intracranial hypertension, IIH) is a condition to be aware of. Although direct links to Alitretinoin are rare, its pharmacological profile and structural similarities to other retinoids, which have been linked to IIH, warrant caution. The association of Demeclocycline (related to Hetacillin and structurally akin to Chlormadinone) with pseudotumor cerebri highlights the importance of vigilance in patients treated with potentially related compounds like Alitretinoin, due to possible class effects.",Scientific Validity of the Question,5. Completely valid: Perfectly aligned with current scientific understanding and uses appropriate terminology
168859,"In treating skin conditions with Alitretinoin, what intracranial condition, associated with certain drug classes, should clinicians monitor for due to potential pharmacological overlap?","Pseudotumor cerebri (idiopathic intracranial hypertension, IIH) is a condition to be aware of. Although direct links to Alitretinoin are rare, its pharmacological profile and structural similarities to other retinoids, which have been linked to IIH, warrant caution. The association of Demeclocycline (related to Hetacillin and structurally akin to Chlormadinone) with pseudotumor cerebri highlights the importance of vigilance in patients treated with potentially related compounds like Alitretinoin, due to possible class effects.",Scientific Validity of the Answer,4. Very valid: Scientifically accurate with only trivial imprecisions
168859,"In treating skin conditions with Alitretinoin, what intracranial condition, associated with certain drug classes, should clinicians monitor for due to potential pharmacological overlap?","Pseudotumor cerebri (idiopathic intracranial hypertension, IIH) is a condition to be aware of. Although direct links to Alitretinoin are rare, its pharmacological profile and structural similarities to other retinoids, which have been linked to IIH, warrant caution. The association of Demeclocycline (related to Hetacillin and structurally akin to Chlormadinone) with pseudotumor cerebri highlights the importance of vigilance in patients treated with potentially related compounds like Alitretinoin, due to possible class effects.",Question Complexity,2. Simple: Straightforward question requiring basic understanding of biomedical concepts
168859,"In treating skin conditions with Alitretinoin, what intracranial condition, associated with certain drug classes, should clinicians monitor for due to potential pharmacological overlap?","Pseudotumor cerebri (idiopathic intracranial hypertension, IIH) is a condition to be aware of. Although direct links to Alitretinoin are rare, its pharmacological profile and structural similarities to other retinoids, which have been linked to IIH, warrant caution. The association of Demeclocycline (related to Hetacillin and structurally akin to Chlormadinone) with pseudotumor cerebri highlights the importance of vigilance in patients treated with potentially related compounds like Alitretinoin, due to possible class effects.",Specificity of Answer,4. Very specific: Answer is detailed and precise
168859,"In treating skin conditions with Alitretinoin, what intracranial condition, associated with certain drug classes, should clinicians monitor for due to potential pharmacological overlap?","Pseudotumor cerebri (idiopathic intracranial hypertension, IIH) is a condition to be aware of. Although direct links to Alitretinoin are rare, its pharmacological profile and structural similarities to other retinoids, which have been linked to IIH, warrant caution. The association of Demeclocycline (related to Hetacillin and structurally akin to Chlormadinone) with pseudotumor cerebri highlights the importance of vigilance in patients treated with potentially related compounds like Alitretinoin, due to possible class effects.",Answer Completeness,"5. Fully complete: The answer fully and comprehensively covers every aspect of the question, leaving no gaps in information."
149166,"How might a therapeutic agent targeting lipid metabolism, via a specific liver receptor, have an indirect bearing on the management of Human immunodeficiency virus (HIV) infection, considering the virus's impact on the host's metabolic profile?","Inclisiran, by modulating low-density lipoprotein cholesterol (LDL-C) through the low density lipoprotein receptor, could indirectly influence the metabolic dysregulation associated with HIV infection. This influence, while not a direct antiviral strategy, underscores the interplay between metabolic health and the broader management of HIV.",Scientific Validity of the Question,5. Completely valid: Perfectly aligned with current scientific understanding and uses appropriate terminology
149166,"How might a therapeutic agent targeting lipid metabolism, via a specific liver receptor, have an indirect bearing on the management of Human immunodeficiency virus (HIV) infection, considering the virus's impact on the host's metabolic profile?","Inclisiran, by modulating low-density lipoprotein cholesterol (LDL-C) through the low density lipoprotein receptor, could indirectly influence the metabolic dysregulation associated with HIV infection. This influence, while not a direct antiviral strategy, underscores the interplay between metabolic health and the broader management of HIV.",Scientific Validity of the Answer,"5. Completely valid: Perfectly aligned with current scientific understanding, comprehensive, and appropriately nuanced"
149166,"How might a therapeutic agent targeting lipid metabolism, via a specific liver receptor, have an indirect bearing on the management of Human immunodeficiency virus (HIV) infection, considering the virus's impact on the host's metabolic profile?","Inclisiran, by modulating low-density lipoprotein cholesterol (LDL-C) through the low density lipoprotein receptor, could indirectly influence the metabolic dysregulation associated with HIV infection. This influence, while not a direct antiviral strategy, underscores the interplay between metabolic health and the broader management of HIV.",Question Complexity,3. Moderate: Question requiring integration of multiple biomedical concepts
149166,"How might a therapeutic agent targeting lipid metabolism, via a specific liver receptor, have an indirect bearing on the management of Human immunodeficiency virus (HIV) infection, considering the virus's impact on the host's metabolic profile?","Inclisiran, by modulating low-density lipoprotein cholesterol (LDL-C) through the low density lipoprotein receptor, could indirectly influence the metabolic dysregulation associated with HIV infection. This influence, while not a direct antiviral strategy, underscores the interplay between metabolic health and the broader management of HIV.",Specificity of Answer,3. Appropriately specific: Answer provides the right level of detail for the question
149166,"How might a therapeutic agent targeting lipid metabolism, via a specific liver receptor, have an indirect bearing on the management of Human immunodeficiency virus (HIV) infection, considering the virus's impact on the host's metabolic profile?","Inclisiran, by modulating low-density lipoprotein cholesterol (LDL-C) through the low density lipoprotein receptor, could indirectly influence the metabolic dysregulation associated with HIV infection. This influence, while not a direct antiviral strategy, underscores the interplay between metabolic health and the broader management of HIV.",Answer Completeness,"5. Fully complete: The answer fully and comprehensively covers every aspect of the question, leaving no gaps in information."
105493,"In the context of metabolic pathways, what enzyme is most directly implicated in the biochemical processing of complex polyols like 3,6,9,12,15,18-Hexaoxaicosane-1,20-diol, considering the enzymatic roles akin to Pegloticase?","Carbonyl reductase [NADPH] 1 is the enzyme type likely involved. This inference is based on the direct connection in the metabolic pathway, suggesting a substrate-enzyme relationship. Given the role of similar enzymes like Pegloticase in specific disease treatments, Carbonyl reductases facilitate the metabolism of various substrates, including polyols, through reduction reactions, which is crucial for processing complex compounds.",Not qualified to evaluate,I cannot evaluate this case with confidence.
93144,"Considering the treatment of anemia, how might a long-acting filgrastim, connected to a pegylated epoetin beta through a shared interaction node, relate to the erythropoietin receptor pathway in clinical practice?","Pegfilgrastim, a long-acting filgrastim, is linked to Methoxy_polyethylene_glycol-epoetin_beta, suggesting an overlap in therapeutic pathways for anemia treatment. While Pegfilgrastim primarily stimulates neutrophil production via the G-CSF receptor, its application in conditions also treated with erythropoiesis-stimulating agents implies clinical relevance to the erythropoietin receptor pathway, particularly in managing chemotherapy-induced anemia and neutropenia.",Scientific Validity of the Question,5. Completely valid: Perfectly aligned with current scientific understanding and uses appropriate terminology
93144,"Considering the treatment of anemia, how might a long-acting filgrastim, connected to a pegylated epoetin beta through a shared interaction node, relate to the erythropoietin receptor pathway in clinical practice?","Pegfilgrastim, a long-acting filgrastim, is linked to Methoxy_polyethylene_glycol-epoetin_beta, suggesting an overlap in therapeutic pathways for anemia treatment. While Pegfilgrastim primarily stimulates neutrophil production via the G-CSF receptor, its application in conditions also treated with erythropoiesis-stimulating agents implies clinical relevance to the erythropoietin receptor pathway, particularly in managing chemotherapy-induced anemia and neutropenia.",Scientific Validity of the Answer,4. Very valid: Scientifically accurate with only trivial imprecisions
93144,"Considering the treatment of anemia, how might a long-acting filgrastim, connected to a pegylated epoetin beta through a shared interaction node, relate to the erythropoietin receptor pathway in clinical practice?","Pegfilgrastim, a long-acting filgrastim, is linked to Methoxy_polyethylene_glycol-epoetin_beta, suggesting an overlap in therapeutic pathways for anemia treatment. While Pegfilgrastim primarily stimulates neutrophil production via the G-CSF receptor, its application in conditions also treated with erythropoiesis-stimulating agents implies clinical relevance to the erythropoietin receptor pathway, particularly in managing chemotherapy-induced anemia and neutropenia.",Question Complexity,3. Moderate: Question requiring integration of multiple biomedical concepts
93144,"Considering the treatment of anemia, how might a long-acting filgrastim, connected to a pegylated epoetin beta through a shared interaction node, relate to the erythropoietin receptor pathway in clinical practice?","Pegfilgrastim, a long-acting filgrastim, is linked to Methoxy_polyethylene_glycol-epoetin_beta, suggesting an overlap in therapeutic pathways for anemia treatment. While Pegfilgrastim primarily stimulates neutrophil production via the G-CSF receptor, its application in conditions also treated with erythropoiesis-stimulating agents implies clinical relevance to the erythropoietin receptor pathway, particularly in managing chemotherapy-induced anemia and neutropenia.",Specificity of Answer,2. Somewhat general: Answer provides some specifics but lacks precision
93144,"Considering the treatment of anemia, how might a long-acting filgrastim, connected to a pegylated epoetin beta through a shared interaction node, relate to the erythropoietin receptor pathway in clinical practice?","Pegfilgrastim, a long-acting filgrastim, is linked to Methoxy_polyethylene_glycol-epoetin_beta, suggesting an overlap in therapeutic pathways for anemia treatment. While Pegfilgrastim primarily stimulates neutrophil production via the G-CSF receptor, its application in conditions also treated with erythropoiesis-stimulating agents implies clinical relevance to the erythropoietin receptor pathway, particularly in managing chemotherapy-induced anemia and neutropenia.",Answer Completeness,3. Moderately complete: Answer covers most critical elements but lacks some details or supporting points
113748,"Considering the role of centriolin in anchoring basal bodies to the plasma membrane, what microtubule-related complex subunit might also be involved in this process, potentially interacting with centriolin in the context of microtubule stabilization?","HAUS augmin like complex subunit 2. This inference is based on the shared involvement in microtubule nucleation and stabilization, and their connection to the process of basal body anchoring, suggesting a plausible functional relationship between centriolin and HAUS augmin like complex subunit 2 in organizing cellular structure.",Scientific Validity of the Question,5. Completely valid: Perfectly aligned with current scientific understanding and uses appropriate terminology
113748,"Considering the role of centriolin in anchoring basal bodies to the plasma membrane, what microtubule-related complex subunit might also be involved in this process, potentially interacting with centriolin in the context of microtubule stabilization?","HAUS augmin like complex subunit 2. This inference is based on the shared involvement in microtubule nucleation and stabilization, and their connection to the process of basal body anchoring, suggesting a plausible functional relationship between centriolin and HAUS augmin like complex subunit 2 in organizing cellular structure.",Scientific Validity of the Answer,"5. Completely valid: Perfectly aligned with current scientific understanding, comprehensive, and appropriately nuanced"
113748,"Considering the role of centriolin in anchoring basal bodies to the plasma membrane, what microtubule-related complex subunit might also be involved in this process, potentially interacting with centriolin in the context of microtubule stabilization?","HAUS augmin like complex subunit 2. This inference is based on the shared involvement in microtubule nucleation and stabilization, and their connection to the process of basal body anchoring, suggesting a plausible functional relationship between centriolin and HAUS augmin like complex subunit 2 in organizing cellular structure.",Question Complexity,3. Moderate: Question requiring integration of multiple biomedical concepts
113748,"Considering the role of centriolin in anchoring basal bodies to the plasma membrane, what microtubule-related complex subunit might also be involved in this process, potentially interacting with centriolin in the context of microtubule stabilization?","HAUS augmin like complex subunit 2. This inference is based on the shared involvement in microtubule nucleation and stabilization, and their connection to the process of basal body anchoring, suggesting a plausible functional relationship between centriolin and HAUS augmin like complex subunit 2 in organizing cellular structure.",Specificity of Answer,3. Appropriately specific: Answer provides the right level of detail for the question
113748,"Considering the role of centriolin in anchoring basal bodies to the plasma membrane, what microtubule-related complex subunit might also be involved in this process, potentially interacting with centriolin in the context of microtubule stabilization?","HAUS augmin like complex subunit 2. This inference is based on the shared involvement in microtubule nucleation and stabilization, and their connection to the process of basal body anchoring, suggesting a plausible functional relationship between centriolin and HAUS augmin like complex subunit 2 in organizing cellular structure.",Answer Completeness,"5. Fully complete: The answer fully and comprehensively covers every aspect of the question, leaving no gaps in information."
111797,"A patient is prescribed Bacampicillin for a bacterial infection, but due to its known side effects, the clinician also considers an alternative. If the alternative antibiotic affects the small ribosomal subunit, what potential non-antibiotic side effect might the patient experience if also undergoing surgical procedures requiring muscle relaxation?","The alternative antibiotic, identified as Tigecycline through its connection to the small ribosomal subunit protein uS9, is linked to Epicillin and Bacampicillin, suggesting a class relationship. Notably, Tigecycline's connection to neuromuscular blockade implies a potential non-antibiotic side effect: an increased risk of enhanced neuromuscular blockade when co-administered with neuromuscular blocking agents, potentially leading to prolonged muscle paralysis in patients undergoing surgery. This is crucial for anesthesiologists to consider when choosing antibiotics for perioperative patients.",Scientific Validity of the Question,5. Completely valid: Perfectly aligned with current scientific understanding and uses appropriate terminology
111797,"A patient is prescribed Bacampicillin for a bacterial infection, but due to its known side effects, the clinician also considers an alternative. If the alternative antibiotic affects the small ribosomal subunit, what potential non-antibiotic side effect might the patient experience if also undergoing surgical procedures requiring muscle relaxation?","The alternative antibiotic, identified as Tigecycline through its connection to the small ribosomal subunit protein uS9, is linked to Epicillin and Bacampicillin, suggesting a class relationship. Notably, Tigecycline's connection to neuromuscular blockade implies a potential non-antibiotic side effect: an increased risk of enhanced neuromuscular blockade when co-administered with neuromuscular blocking agents, potentially leading to prolonged muscle paralysis in patients undergoing surgery. This is crucial for anesthesiologists to consider when choosing antibiotics for perioperative patients.",Scientific Validity of the Answer,3. Moderately valid: Contains minor scientific inaccuracies but the core information is correct
111797,"A patient is prescribed Bacampicillin for a bacterial infection, but due to its known side effects, the clinician also considers an alternative. If the alternative antibiotic affects the small ribosomal subunit, what potential non-antibiotic side effect might the patient experience if also undergoing surgical procedures requiring muscle relaxation?","The alternative antibiotic, identified as Tigecycline through its connection to the small ribosomal subunit protein uS9, is linked to Epicillin and Bacampicillin, suggesting a class relationship. Notably, Tigecycline's connection to neuromuscular blockade implies a potential non-antibiotic side effect: an increased risk of enhanced neuromuscular blockade when co-administered with neuromuscular blocking agents, potentially leading to prolonged muscle paralysis in patients undergoing surgery. This is crucial for anesthesiologists to consider when choosing antibiotics for perioperative patients.",Question Complexity,3. Moderate: Question requiring integration of multiple biomedical concepts
111797,"A patient is prescribed Bacampicillin for a bacterial infection, but due to its known side effects, the clinician also considers an alternative. If the alternative antibiotic affects the small ribosomal subunit, what potential non-antibiotic side effect might the patient experience if also undergoing surgical procedures requiring muscle relaxation?","The alternative antibiotic, identified as Tigecycline through its connection to the small ribosomal subunit protein uS9, is linked to Epicillin and Bacampicillin, suggesting a class relationship. Notably, Tigecycline's connection to neuromuscular blockade implies a potential non-antibiotic side effect: an increased risk of enhanced neuromuscular blockade when co-administered with neuromuscular blocking agents, potentially leading to prolonged muscle paralysis in patients undergoing surgery. This is crucial for anesthesiologists to consider when choosing antibiotics for perioperative patients.",Specificity of Answer,3. Appropriately specific: Answer provides the right level of detail for the question
111797,"A patient is prescribed Bacampicillin for a bacterial infection, but due to its known side effects, the clinician also considers an alternative. If the alternative antibiotic affects the small ribosomal subunit, what potential non-antibiotic side effect might the patient experience if also undergoing surgical procedures requiring muscle relaxation?","The alternative antibiotic, identified as Tigecycline through its connection to the small ribosomal subunit protein uS9, is linked to Epicillin and Bacampicillin, suggesting a class relationship. Notably, Tigecycline's connection to neuromuscular blockade implies a potential non-antibiotic side effect: an increased risk of enhanced neuromuscular blockade when co-administered with neuromuscular blocking agents, potentially leading to prolonged muscle paralysis in patients undergoing surgery. This is crucial for anesthesiologists to consider when choosing antibiotics for perioperative patients.",Answer Completeness,"5. Fully complete: The answer fully and comprehensively covers every aspect of the question, leaving no gaps in information."
58998,"For individuals with autoimmune diseases, what role might thiopurine S-methyltransferase (TPMT) activity play in modulating the risk of ototoxicity associated with immunosuppressive therapy, and how might this relate to the mechanism of action of certain antibiotics?","TPMT activity is crucial in metabolizing thiopurine drugs, which are sometimes co-prescribed with antibiotics like micronomicin in autoimmune disease management. Variability in TPMT activity can affect drug metabolism, potentially altering the ototoxic risk profile, especially since micronomicin's mechanism, possibly involving s-rRNA interactions, independently contributes to ototoxicity. Thus, understanding TPMT status can help personalize treatment to mitigate this side effect in susceptible individuals.",Scientific Validity of the Question,5. Completely valid: Perfectly aligned with current scientific understanding and uses appropriate terminology
58998,"For individuals with autoimmune diseases, what role might thiopurine S-methyltransferase (TPMT) activity play in modulating the risk of ototoxicity associated with immunosuppressive therapy, and how might this relate to the mechanism of action of certain antibiotics?","TPMT activity is crucial in metabolizing thiopurine drugs, which are sometimes co-prescribed with antibiotics like micronomicin in autoimmune disease management. Variability in TPMT activity can affect drug metabolism, potentially altering the ototoxic risk profile, especially since micronomicin's mechanism, possibly involving s-rRNA interactions, independently contributes to ototoxicity. Thus, understanding TPMT status can help personalize treatment to mitigate this side effect in susceptible individuals.",Scientific Validity of the Answer,4. Very valid: Scientifically accurate with only trivial imprecisions
58998,"For individuals with autoimmune diseases, what role might thiopurine S-methyltransferase (TPMT) activity play in modulating the risk of ototoxicity associated with immunosuppressive therapy, and how might this relate to the mechanism of action of certain antibiotics?","TPMT activity is crucial in metabolizing thiopurine drugs, which are sometimes co-prescribed with antibiotics like micronomicin in autoimmune disease management. Variability in TPMT activity can affect drug metabolism, potentially altering the ototoxic risk profile, especially since micronomicin's mechanism, possibly involving s-rRNA interactions, independently contributes to ototoxicity. Thus, understanding TPMT status can help personalize treatment to mitigate this side effect in susceptible individuals.",Question Complexity,4. Complex: Question requiring advanced knowledge and analysis of biomedical mechanisms or relationships
58998,"For individuals with autoimmune diseases, what role might thiopurine S-methyltransferase (TPMT) activity play in modulating the risk of ototoxicity associated with immunosuppressive therapy, and how might this relate to the mechanism of action of certain antibiotics?","TPMT activity is crucial in metabolizing thiopurine drugs, which are sometimes co-prescribed with antibiotics like micronomicin in autoimmune disease management. Variability in TPMT activity can affect drug metabolism, potentially altering the ototoxic risk profile, especially since micronomicin's mechanism, possibly involving s-rRNA interactions, independently contributes to ototoxicity. Thus, understanding TPMT status can help personalize treatment to mitigate this side effect in susceptible individuals.",Specificity of Answer,3. Appropriately specific: Answer provides the right level of detail for the question
58998,"For individuals with autoimmune diseases, what role might thiopurine S-methyltransferase (TPMT) activity play in modulating the risk of ototoxicity associated with immunosuppressive therapy, and how might this relate to the mechanism of action of certain antibiotics?","TPMT activity is crucial in metabolizing thiopurine drugs, which are sometimes co-prescribed with antibiotics like micronomicin in autoimmune disease management. Variability in TPMT activity can affect drug metabolism, potentially altering the ototoxic risk profile, especially since micronomicin's mechanism, possibly involving s-rRNA interactions, independently contributes to ototoxicity. Thus, understanding TPMT status can help personalize treatment to mitigate this side effect in susceptible individuals.",Answer Completeness,"5. Fully complete: The answer fully and comprehensively covers every aspect of the question, leaving no gaps in information."
199684,"Considering the symptom profiles of various infectious diseases, what symptom, commonly associated with infections like those caused by Legionella pneumophilia, might also be observed in a patient with Rift Valley Fever who presents with reduced consciousness, given the overlapping clinical manifestations among certain infections?","Arthralgia is a plausible symptom. Although direct connections between Rift Valley Fever (RVF) and arthralgia are not straightforward, the overlap in symptomatology with other infections (e.g., Legionella pneumophilia, which is known to cause arthralgia) and the shared severe manifestation of reduced consciousness in RVF, suggests that patients with RVF could also exhibit arthralgia, highlighting the complexity of differential diagnosis in infectious diseases.",Scientific Validity of the Question,5. Completely valid: Perfectly aligned with current scientific understanding and uses appropriate terminology
199684,"Considering the symptom profiles of various infectious diseases, what symptom, commonly associated with infections like those caused by Legionella pneumophilia, might also be observed in a patient with Rift Valley Fever who presents with reduced consciousness, given the overlapping clinical manifestations among certain infections?","Arthralgia is a plausible symptom. Although direct connections between Rift Valley Fever (RVF) and arthralgia are not straightforward, the overlap in symptomatology with other infections (e.g., Legionella pneumophilia, which is known to cause arthralgia) and the shared severe manifestation of reduced consciousness in RVF, suggests that patients with RVF could also exhibit arthralgia, highlighting the complexity of differential diagnosis in infectious diseases.",Scientific Validity of the Answer,3. Moderately valid: Contains minor scientific inaccuracies but the core information is correct
199684,"Considering the symptom profiles of various infectious diseases, what symptom, commonly associated with infections like those caused by Legionella pneumophilia, might also be observed in a patient with Rift Valley Fever who presents with reduced consciousness, given the overlapping clinical manifestations among certain infections?","Arthralgia is a plausible symptom. Although direct connections between Rift Valley Fever (RVF) and arthralgia are not straightforward, the overlap in symptomatology with other infections (e.g., Legionella pneumophilia, which is known to cause arthralgia) and the shared severe manifestation of reduced consciousness in RVF, suggests that patients with RVF could also exhibit arthralgia, highlighting the complexity of differential diagnosis in infectious diseases.",Question Complexity,3. Moderate: Question requiring integration of multiple biomedical concepts
199684,"Considering the symptom profiles of various infectious diseases, what symptom, commonly associated with infections like those caused by Legionella pneumophilia, might also be observed in a patient with Rift Valley Fever who presents with reduced consciousness, given the overlapping clinical manifestations among certain infections?","Arthralgia is a plausible symptom. Although direct connections between Rift Valley Fever (RVF) and arthralgia are not straightforward, the overlap in symptomatology with other infections (e.g., Legionella pneumophilia, which is known to cause arthralgia) and the shared severe manifestation of reduced consciousness in RVF, suggests that patients with RVF could also exhibit arthralgia, highlighting the complexity of differential diagnosis in infectious diseases.",Specificity of Answer,3. Appropriately specific: Answer provides the right level of detail for the question
199684,"Considering the symptom profiles of various infectious diseases, what symptom, commonly associated with infections like those caused by Legionella pneumophilia, might also be observed in a patient with Rift Valley Fever who presents with reduced consciousness, given the overlapping clinical manifestations among certain infections?","Arthralgia is a plausible symptom. Although direct connections between Rift Valley Fever (RVF) and arthralgia are not straightforward, the overlap in symptomatology with other infections (e.g., Legionella pneumophilia, which is known to cause arthralgia) and the shared severe manifestation of reduced consciousness in RVF, suggests that patients with RVF could also exhibit arthralgia, highlighting the complexity of differential diagnosis in infectious diseases.",Answer Completeness,"5. Fully complete: The answer fully and comprehensively covers every aspect of the question, leaving no gaps in information."
171720,"What neurological malformation might co-occur with Basel-Vanagaite-Smirin-Yosef syndrome, given its overlap with other rare neurodevelopmental disorders?","Patients with Basel-Vanagaite-Smirin-Yosef syndrome may also exhibit cerebellar vermis hypoplasia. This association is inferred from the syndrome's shared clinical features with other neurodevelopmental disorders, such as CHILTON-OKUR-CHUNG NEURODEVELOPMENTAL SYNDROME, which is known to involve cerebellar vermis hypoplasia, suggesting a potential for similar underlying neurological anomalies.",Scientific Validity of the Question,5. Completely valid: Perfectly aligned with current scientific understanding and uses appropriate terminology
171720,"What neurological malformation might co-occur with Basel-Vanagaite-Smirin-Yosef syndrome, given its overlap with other rare neurodevelopmental disorders?","Patients with Basel-Vanagaite-Smirin-Yosef syndrome may also exhibit cerebellar vermis hypoplasia. This association is inferred from the syndrome's shared clinical features with other neurodevelopmental disorders, such as CHILTON-OKUR-CHUNG NEURODEVELOPMENTAL SYNDROME, which is known to involve cerebellar vermis hypoplasia, suggesting a potential for similar underlying neurological anomalies.",Scientific Validity of the Answer,"5. Completely valid: Perfectly aligned with current scientific understanding, comprehensive, and appropriately nuanced"
171720,"What neurological malformation might co-occur with Basel-Vanagaite-Smirin-Yosef syndrome, given its overlap with other rare neurodevelopmental disorders?","Patients with Basel-Vanagaite-Smirin-Yosef syndrome may also exhibit cerebellar vermis hypoplasia. This association is inferred from the syndrome's shared clinical features with other neurodevelopmental disorders, such as CHILTON-OKUR-CHUNG NEURODEVELOPMENTAL SYNDROME, which is known to involve cerebellar vermis hypoplasia, suggesting a potential for similar underlying neurological anomalies.",Question Complexity,4. Complex: Question requiring advanced knowledge and analysis of biomedical mechanisms or relationships
171720,"What neurological malformation might co-occur with Basel-Vanagaite-Smirin-Yosef syndrome, given its overlap with other rare neurodevelopmental disorders?","Patients with Basel-Vanagaite-Smirin-Yosef syndrome may also exhibit cerebellar vermis hypoplasia. This association is inferred from the syndrome's shared clinical features with other neurodevelopmental disorders, such as CHILTON-OKUR-CHUNG NEURODEVELOPMENTAL SYNDROME, which is known to involve cerebellar vermis hypoplasia, suggesting a potential for similar underlying neurological anomalies.",Specificity of Answer,4. Very specific: Answer is detailed and precise
171720,"What neurological malformation might co-occur with Basel-Vanagaite-Smirin-Yosef syndrome, given its overlap with other rare neurodevelopmental disorders?","Patients with Basel-Vanagaite-Smirin-Yosef syndrome may also exhibit cerebellar vermis hypoplasia. This association is inferred from the syndrome's shared clinical features with other neurodevelopmental disorders, such as CHILTON-OKUR-CHUNG NEURODEVELOPMENTAL SYNDROME, which is known to involve cerebellar vermis hypoplasia, suggesting a potential for similar underlying neurological anomalies.",Answer Completeness,"5. Fully complete: The answer fully and comprehensively covers every aspect of the question, leaving no gaps in information."
57857,"In the context of cellular structure, what other tubulin isotype is likely involved alongside tubulin alpha 1b in a process crucial for the transport of intercellular communication channels to the cell surface?","Tubulin beta 4A class IVa is implicated in this process. This inference is based on the shared involvement in microtubule formation, which is essential for the microtubule-dependent trafficking of connexons (components of gap junctions) from the Golgi apparatus to the plasma membrane. Given the dimeric nature of microtubules, which are composed of alpha and beta tubulin subunits, the co-involvement of tubulin beta 4A class IVa with tubulin alpha 1b in this trafficking pathway is plausible, highlighting the structural basis for cellular transport mechanisms.",Scientific Validity of the Question,5. Completely valid: Perfectly aligned with current scientific understanding and uses appropriate terminology
57857,"In the context of cellular structure, what other tubulin isotype is likely involved alongside tubulin alpha 1b in a process crucial for the transport of intercellular communication channels to the cell surface?","Tubulin beta 4A class IVa is implicated in this process. This inference is based on the shared involvement in microtubule formation, which is essential for the microtubule-dependent trafficking of connexons (components of gap junctions) from the Golgi apparatus to the plasma membrane. Given the dimeric nature of microtubules, which are composed of alpha and beta tubulin subunits, the co-involvement of tubulin beta 4A class IVa with tubulin alpha 1b in this trafficking pathway is plausible, highlighting the structural basis for cellular transport mechanisms.",Scientific Validity of the Answer,"5. Completely valid: Perfectly aligned with current scientific understanding, comprehensive, and appropriately nuanced"
57857,"In the context of cellular structure, what other tubulin isotype is likely involved alongside tubulin alpha 1b in a process crucial for the transport of intercellular communication channels to the cell surface?","Tubulin beta 4A class IVa is implicated in this process. This inference is based on the shared involvement in microtubule formation, which is essential for the microtubule-dependent trafficking of connexons (components of gap junctions) from the Golgi apparatus to the plasma membrane. Given the dimeric nature of microtubules, which are composed of alpha and beta tubulin subunits, the co-involvement of tubulin beta 4A class IVa with tubulin alpha 1b in this trafficking pathway is plausible, highlighting the structural basis for cellular transport mechanisms.",Question Complexity,3. Moderate: Question requiring integration of multiple biomedical concepts
57857,"In the context of cellular structure, what other tubulin isotype is likely involved alongside tubulin alpha 1b in a process crucial for the transport of intercellular communication channels to the cell surface?","Tubulin beta 4A class IVa is implicated in this process. This inference is based on the shared involvement in microtubule formation, which is essential for the microtubule-dependent trafficking of connexons (components of gap junctions) from the Golgi apparatus to the plasma membrane. Given the dimeric nature of microtubules, which are composed of alpha and beta tubulin subunits, the co-involvement of tubulin beta 4A class IVa with tubulin alpha 1b in this trafficking pathway is plausible, highlighting the structural basis for cellular transport mechanisms.",Specificity of Answer,4. Very specific: Answer is detailed and precise
57857,"In the context of cellular structure, what other tubulin isotype is likely involved alongside tubulin alpha 1b in a process crucial for the transport of intercellular communication channels to the cell surface?","Tubulin beta 4A class IVa is implicated in this process. This inference is based on the shared involvement in microtubule formation, which is essential for the microtubule-dependent trafficking of connexons (components of gap junctions) from the Golgi apparatus to the plasma membrane. Given the dimeric nature of microtubules, which are composed of alpha and beta tubulin subunits, the co-involvement of tubulin beta 4A class IVa with tubulin alpha 1b in this trafficking pathway is plausible, highlighting the structural basis for cellular transport mechanisms.",Answer Completeness,"5. Fully complete: The answer fully and comprehensively covers every aspect of the question, leaving no gaps in information."
33054,"In individuals with heroin dependence, what neurotransmitter-converting enzyme might be indirectly influenced by a substance that also interacts with the opioid receptor kappa 1, potentially impacting the addictive behavior?","Dopamine beta-hydroxylase is the enzyme that might be indirectly influenced. Here’s the connection: Heroin dependence (0) is associated with the opioid receptor kappa 1 (3), which can also be affected by Ethanol (1). Ethanol (1) is connected to dopamine beta-hydroxylase (4), an enzyme responsible for converting dopamine to norepinephrine. The modulation of this enzyme could influence neurotransmitter balances, potentially impacting behaviors related to heroin dependence. Notably, a compound (2) - methyl (3S,4R)-3-benzoyloxy-8-methyl-8-azabicyclo[3.2.1]octane-4-carboxylate - interacts with opioid receptor kappa 1 (3) and is associated with heroin dependence (0), further suggesting a complex interplay of substances and enzymes in the context of addiction.",Scientific Validity of the Question,5. Completely valid: Perfectly aligned with current scientific understanding and uses appropriate terminology
33054,"In individuals with heroin dependence, what neurotransmitter-converting enzyme might be indirectly influenced by a substance that also interacts with the opioid receptor kappa 1, potentially impacting the addictive behavior?","Dopamine beta-hydroxylase is the enzyme that might be indirectly influenced. Here’s the connection: Heroin dependence (0) is associated with the opioid receptor kappa 1 (3), which can also be affected by Ethanol (1). Ethanol (1) is connected to dopamine beta-hydroxylase (4), an enzyme responsible for converting dopamine to norepinephrine. The modulation of this enzyme could influence neurotransmitter balances, potentially impacting behaviors related to heroin dependence. Notably, a compound (2) - methyl (3S,4R)-3-benzoyloxy-8-methyl-8-azabicyclo[3.2.1]octane-4-carboxylate - interacts with opioid receptor kappa 1 (3) and is associated with heroin dependence (0), further suggesting a complex interplay of substances and enzymes in the context of addiction.",Scientific Validity of the Answer,"5. Completely valid: Perfectly aligned with current scientific understanding, comprehensive, and appropriately nuanced"
33054,"In individuals with heroin dependence, what neurotransmitter-converting enzyme might be indirectly influenced by a substance that also interacts with the opioid receptor kappa 1, potentially impacting the addictive behavior?","Dopamine beta-hydroxylase is the enzyme that might be indirectly influenced. Here’s the connection: Heroin dependence (0) is associated with the opioid receptor kappa 1 (3), which can also be affected by Ethanol (1). Ethanol (1) is connected to dopamine beta-hydroxylase (4), an enzyme responsible for converting dopamine to norepinephrine. The modulation of this enzyme could influence neurotransmitter balances, potentially impacting behaviors related to heroin dependence. Notably, a compound (2) - methyl (3S,4R)-3-benzoyloxy-8-methyl-8-azabicyclo[3.2.1]octane-4-carboxylate - interacts with opioid receptor kappa 1 (3) and is associated with heroin dependence (0), further suggesting a complex interplay of substances and enzymes in the context of addiction.",Question Complexity,4. Complex: Question requiring advanced knowledge and analysis of biomedical mechanisms or relationships
33054,"In individuals with heroin dependence, what neurotransmitter-converting enzyme might be indirectly influenced by a substance that also interacts with the opioid receptor kappa 1, potentially impacting the addictive behavior?","Dopamine beta-hydroxylase is the enzyme that might be indirectly influenced. Here’s the connection: Heroin dependence (0) is associated with the opioid receptor kappa 1 (3), which can also be affected by Ethanol (1). Ethanol (1) is connected to dopamine beta-hydroxylase (4), an enzyme responsible for converting dopamine to norepinephrine. The modulation of this enzyme could influence neurotransmitter balances, potentially impacting behaviors related to heroin dependence. Notably, a compound (2) - methyl (3S,4R)-3-benzoyloxy-8-methyl-8-azabicyclo[3.2.1]octane-4-carboxylate - interacts with opioid receptor kappa 1 (3) and is associated with heroin dependence (0), further suggesting a complex interplay of substances and enzymes in the context of addiction.",Specificity of Answer,"5. Highly specific: Answer provides exceptional detail and precision, including quantitative data when appropriate"
33054,"In individuals with heroin dependence, what neurotransmitter-converting enzyme might be indirectly influenced by a substance that also interacts with the opioid receptor kappa 1, potentially impacting the addictive behavior?","Dopamine beta-hydroxylase is the enzyme that might be indirectly influenced. Here’s the connection: Heroin dependence (0) is associated with the opioid receptor kappa 1 (3), which can also be affected by Ethanol (1). Ethanol (1) is connected to dopamine beta-hydroxylase (4), an enzyme responsible for converting dopamine to norepinephrine. The modulation of this enzyme could influence neurotransmitter balances, potentially impacting behaviors related to heroin dependence. Notably, a compound (2) - methyl (3S,4R)-3-benzoyloxy-8-methyl-8-azabicyclo[3.2.1]octane-4-carboxylate - interacts with opioid receptor kappa 1 (3) and is associated with heroin dependence (0), further suggesting a complex interplay of substances and enzymes in the context of addiction.",Answer Completeness,"5. Fully complete: The answer fully and comprehensively covers every aspect of the question, leaving no gaps in information."
232926,"A patient is being treated with Peginesatide for anemia. Considering the drug's mechanism and potential cross-reactivity, what other medication, used for a different condition, might pose a risk of adverse interaction if co-administered?","Lipegfilgrastim, a granulocyte colony-stimulating factor (G-CSF) analog used to reduce the incidence of infection, in cases of strong myelosuppressive chemotherapy-induced neutropenia, might pose a risk of adverse interaction if co-administered with Peginesatide. This is because both drugs, being recombinant human proteins, could theoretically lead to cross-reactivity or affect each other's pharmacokinetics, especially in patients with compromised immune systems. Pegvaliase, another recombinant enzyme, shares a connection with both in the drug interaction network, hinting at a potential for complex pharmacological interactions.",Scientific Validity of the Question,5. Completely valid: Perfectly aligned with current scientific understanding and uses appropriate terminology
232926,"A patient is being treated with Peginesatide for anemia. Considering the drug's mechanism and potential cross-reactivity, what other medication, used for a different condition, might pose a risk of adverse interaction if co-administered?","Lipegfilgrastim, a granulocyte colony-stimulating factor (G-CSF) analog used to reduce the incidence of infection, in cases of strong myelosuppressive chemotherapy-induced neutropenia, might pose a risk of adverse interaction if co-administered with Peginesatide. This is because both drugs, being recombinant human proteins, could theoretically lead to cross-reactivity or affect each other's pharmacokinetics, especially in patients with compromised immune systems. Pegvaliase, another recombinant enzyme, shares a connection with both in the drug interaction network, hinting at a potential for complex pharmacological interactions.",Scientific Validity of the Answer,2. Slightly valid: Major scientific inaccuracies mixed with some valid information
232926,"A patient is being treated with Peginesatide for anemia. Considering the drug's mechanism and potential cross-reactivity, what other medication, used for a different condition, might pose a risk of adverse interaction if co-administered?","Lipegfilgrastim, a granulocyte colony-stimulating factor (G-CSF) analog used to reduce the incidence of infection, in cases of strong myelosuppressive chemotherapy-induced neutropenia, might pose a risk of adverse interaction if co-administered with Peginesatide. This is because both drugs, being recombinant human proteins, could theoretically lead to cross-reactivity or affect each other's pharmacokinetics, especially in patients with compromised immune systems. Pegvaliase, another recombinant enzyme, shares a connection with both in the drug interaction network, hinting at a potential for complex pharmacological interactions.",Question Complexity,4. Complex: Question requiring advanced knowledge and analysis of biomedical mechanisms or relationships
232926,"A patient is being treated with Peginesatide for anemia. Considering the drug's mechanism and potential cross-reactivity, what other medication, used for a different condition, might pose a risk of adverse interaction if co-administered?","Lipegfilgrastim, a granulocyte colony-stimulating factor (G-CSF) analog used to reduce the incidence of infection, in cases of strong myelosuppressive chemotherapy-induced neutropenia, might pose a risk of adverse interaction if co-administered with Peginesatide. This is because both drugs, being recombinant human proteins, could theoretically lead to cross-reactivity or affect each other's pharmacokinetics, especially in patients with compromised immune systems. Pegvaliase, another recombinant enzyme, shares a connection with both in the drug interaction network, hinting at a potential for complex pharmacological interactions.",Specificity of Answer,2. Somewhat general: Answer provides some specifics but lacks precision
232926,"A patient is being treated with Peginesatide for anemia. Considering the drug's mechanism and potential cross-reactivity, what other medication, used for a different condition, might pose a risk of adverse interaction if co-administered?","Lipegfilgrastim, a granulocyte colony-stimulating factor (G-CSF) analog used to reduce the incidence of infection, in cases of strong myelosuppressive chemotherapy-induced neutropenia, might pose a risk of adverse interaction if co-administered with Peginesatide. This is because both drugs, being recombinant human proteins, could theoretically lead to cross-reactivity or affect each other's pharmacokinetics, especially in patients with compromised immune systems. Pegvaliase, another recombinant enzyme, shares a connection with both in the drug interaction network, hinting at a potential for complex pharmacological interactions.",Answer Completeness,"5. Fully complete: The answer fully and comprehensively covers every aspect of the question, leaving no gaps in information."
132395,"In the context of chronic alcohol consumption, how might ethanol exposure, through its influence on gene regulatory elements, potentially alter the brain's serotonin synthesis pathway, and what key enzyme might be affected?","Chronic alcohol consumption, specifically the presence of ethanol, can influence the expression of genes regulated by GATA binding protein 4, which in turn may affect the activity of solute carrier family 6 member 4. This cascade could disrupt the expression or activity of tryptophan hydroxylase 2, a crucial enzyme in the serotonin biosynthesis pathway, leading to altered serotonin levels in the brain. This disruption is a result of ethanol's impact on the regulatory and transport mechanisms preceding serotonin production from tryptophan.",Scientific Validity of the Question,5. Completely valid: Perfectly aligned with current scientific understanding and uses appropriate terminology
132395,"In the context of chronic alcohol consumption, how might ethanol exposure, through its influence on gene regulatory elements, potentially alter the brain's serotonin synthesis pathway, and what key enzyme might be affected?","Chronic alcohol consumption, specifically the presence of ethanol, can influence the expression of genes regulated by GATA binding protein 4, which in turn may affect the activity of solute carrier family 6 member 4. This cascade could disrupt the expression or activity of tryptophan hydroxylase 2, a crucial enzyme in the serotonin biosynthesis pathway, leading to altered serotonin levels in the brain. This disruption is a result of ethanol's impact on the regulatory and transport mechanisms preceding serotonin production from tryptophan.",Scientific Validity of the Answer,3. Moderately valid: Contains minor scientific inaccuracies but the core information is correct
132395,"In the context of chronic alcohol consumption, how might ethanol exposure, through its influence on gene regulatory elements, potentially alter the brain's serotonin synthesis pathway, and what key enzyme might be affected?","Chronic alcohol consumption, specifically the presence of ethanol, can influence the expression of genes regulated by GATA binding protein 4, which in turn may affect the activity of solute carrier family 6 member 4. This cascade could disrupt the expression or activity of tryptophan hydroxylase 2, a crucial enzyme in the serotonin biosynthesis pathway, leading to altered serotonin levels in the brain. This disruption is a result of ethanol's impact on the regulatory and transport mechanisms preceding serotonin production from tryptophan.",Question Complexity,4. Complex: Question requiring advanced knowledge and analysis of biomedical mechanisms or relationships
132395,"In the context of chronic alcohol consumption, how might ethanol exposure, through its influence on gene regulatory elements, potentially alter the brain's serotonin synthesis pathway, and what key enzyme might be affected?","Chronic alcohol consumption, specifically the presence of ethanol, can influence the expression of genes regulated by GATA binding protein 4, which in turn may affect the activity of solute carrier family 6 member 4. This cascade could disrupt the expression or activity of tryptophan hydroxylase 2, a crucial enzyme in the serotonin biosynthesis pathway, leading to altered serotonin levels in the brain. This disruption is a result of ethanol's impact on the regulatory and transport mechanisms preceding serotonin production from tryptophan.",Specificity of Answer,4. Very specific: Answer is detailed and precise
132395,"In the context of chronic alcohol consumption, how might ethanol exposure, through its influence on gene regulatory elements, potentially alter the brain's serotonin synthesis pathway, and what key enzyme might be affected?","Chronic alcohol consumption, specifically the presence of ethanol, can influence the expression of genes regulated by GATA binding protein 4, which in turn may affect the activity of solute carrier family 6 member 4. This cascade could disrupt the expression or activity of tryptophan hydroxylase 2, a crucial enzyme in the serotonin biosynthesis pathway, leading to altered serotonin levels in the brain. This disruption is a result of ethanol's impact on the regulatory and transport mechanisms preceding serotonin production from tryptophan.",Answer Completeness,"5. Fully complete: The answer fully and comprehensively covers every aspect of the question, leaving no gaps in information."
268736,"How does H2A.J histone presence during meiotic synapsis influence telomere packaging through DNA base damage repair, specifically the cleavage of damaged purines?","H2A.J histone alters telomeric chromatin structure, impacting accessibility for enzymes that cleave damaged purine bases. This affects the efficiency of lesion repair, crucial for telomere stability and packaging, as impaired repair leads to telomere dysfunction.",Scientific Validity of the Question,5. Completely valid: Perfectly aligned with current scientific understanding and uses appropriate terminology
268736,"How does H2A.J histone presence during meiotic synapsis influence telomere packaging through DNA base damage repair, specifically the cleavage of damaged purines?","H2A.J histone alters telomeric chromatin structure, impacting accessibility for enzymes that cleave damaged purine bases. This affects the efficiency of lesion repair, crucial for telomere stability and packaging, as impaired repair leads to telomere dysfunction.",Scientific Validity of the Answer,"5. Completely valid: Perfectly aligned with current scientific understanding, comprehensive, and appropriately nuanced"
268736,"How does H2A.J histone presence during meiotic synapsis influence telomere packaging through DNA base damage repair, specifically the cleavage of damaged purines?","H2A.J histone alters telomeric chromatin structure, impacting accessibility for enzymes that cleave damaged purine bases. This affects the efficiency of lesion repair, crucial for telomere stability and packaging, as impaired repair leads to telomere dysfunction.",Question Complexity,4. Complex: Question requiring advanced knowledge and analysis of biomedical mechanisms or relationships
268736,"How does H2A.J histone presence during meiotic synapsis influence telomere packaging through DNA base damage repair, specifically the cleavage of damaged purines?","H2A.J histone alters telomeric chromatin structure, impacting accessibility for enzymes that cleave damaged purine bases. This affects the efficiency of lesion repair, crucial for telomere stability and packaging, as impaired repair leads to telomere dysfunction.",Specificity of Answer,4. Very specific: Answer is detailed and precise
268736,"How does H2A.J histone presence during meiotic synapsis influence telomere packaging through DNA base damage repair, specifically the cleavage of damaged purines?","H2A.J histone alters telomeric chromatin structure, impacting accessibility for enzymes that cleave damaged purine bases. This affects the efficiency of lesion repair, crucial for telomere stability and packaging, as impaired repair leads to telomere dysfunction.",Answer Completeness,"5. Fully complete: The answer fully and comprehensively covers every aspect of the question, leaving no gaps in information."
117777,"Considering the pegylation technology used in Pegfilgrastim for oncology support, what genetic disorder might similarly benefit from a pegylated enzyme therapy, given the connections to other pegylated drugs?","The management of Phenylketonuria (PKU) could benefit. Similar to Pegfilgrastim, a pegylated enzyme like Pegvaliase (pegylated phenylalanine ammonia lyase) helps manage PKU by breaking down phenylalanine, reducing its toxic effects, with improved half-life and efficacy due to pegylation.",Scientific Validity of the Question,5. Completely valid: Perfectly aligned with current scientific understanding and uses appropriate terminology
117777,"Considering the pegylation technology used in Pegfilgrastim for oncology support, what genetic disorder might similarly benefit from a pegylated enzyme therapy, given the connections to other pegylated drugs?","The management of Phenylketonuria (PKU) could benefit. Similar to Pegfilgrastim, a pegylated enzyme like Pegvaliase (pegylated phenylalanine ammonia lyase) helps manage PKU by breaking down phenylalanine, reducing its toxic effects, with improved half-life and efficacy due to pegylation.",Scientific Validity of the Answer,"5. Completely valid: Perfectly aligned with current scientific understanding, comprehensive, and appropriately nuanced"
117777,"Considering the pegylation technology used in Pegfilgrastim for oncology support, what genetic disorder might similarly benefit from a pegylated enzyme therapy, given the connections to other pegylated drugs?","The management of Phenylketonuria (PKU) could benefit. Similar to Pegfilgrastim, a pegylated enzyme like Pegvaliase (pegylated phenylalanine ammonia lyase) helps manage PKU by breaking down phenylalanine, reducing its toxic effects, with improved half-life and efficacy due to pegylation.",Question Complexity,3. Moderate: Question requiring integration of multiple biomedical concepts
117777,"Considering the pegylation technology used in Pegfilgrastim for oncology support, what genetic disorder might similarly benefit from a pegylated enzyme therapy, given the connections to other pegylated drugs?","The management of Phenylketonuria (PKU) could benefit. Similar to Pegfilgrastim, a pegylated enzyme like Pegvaliase (pegylated phenylalanine ammonia lyase) helps manage PKU by breaking down phenylalanine, reducing its toxic effects, with improved half-life and efficacy due to pegylation.",Specificity of Answer,4. Very specific: Answer is detailed and precise
117777,"Considering the pegylation technology used in Pegfilgrastim for oncology support, what genetic disorder might similarly benefit from a pegylated enzyme therapy, given the connections to other pegylated drugs?","The management of Phenylketonuria (PKU) could benefit. Similar to Pegfilgrastim, a pegylated enzyme like Pegvaliase (pegylated phenylalanine ammonia lyase) helps manage PKU by breaking down phenylalanine, reducing its toxic effects, with improved half-life and efficacy due to pegylation.",Answer Completeness,"5. Fully complete: The answer fully and comprehensively covers every aspect of the question, leaving no gaps in information."
205647,"When managing bacterial infections that could complicate botulism, what potential side effect of certain broad-spectrum antibiotics (like tetracycline derivatives) might inadvertently exacerbate the primary physiological effect of Botulinum_toxin?","Neuromuscular blockade. Although rare, high doses of certain tetracyclines (e.g., Clomocycline, Tigecycline, Rolitetracycline) can cause neuromuscular blockade, a condition also induced by Botulinum_toxin through inhibition of acetylcholine release. This highlights the importance of cautious antibiotic selection to avoid worsening neuromuscular symptoms in botulism cases.",Scientific Validity of the Question,5. Completely valid: Perfectly aligned with current scientific understanding and uses appropriate terminology
205647,"When managing bacterial infections that could complicate botulism, what potential side effect of certain broad-spectrum antibiotics (like tetracycline derivatives) might inadvertently exacerbate the primary physiological effect of Botulinum_toxin?","Neuromuscular blockade. Although rare, high doses of certain tetracyclines (e.g., Clomocycline, Tigecycline, Rolitetracycline) can cause neuromuscular blockade, a condition also induced by Botulinum_toxin through inhibition of acetylcholine release. This highlights the importance of cautious antibiotic selection to avoid worsening neuromuscular symptoms in botulism cases.",Scientific Validity of the Answer,"5. Completely valid: Perfectly aligned with current scientific understanding, comprehensive, and appropriately nuanced"
205647,"When managing bacterial infections that could complicate botulism, what potential side effect of certain broad-spectrum antibiotics (like tetracycline derivatives) might inadvertently exacerbate the primary physiological effect of Botulinum_toxin?","Neuromuscular blockade. Although rare, high doses of certain tetracyclines (e.g., Clomocycline, Tigecycline, Rolitetracycline) can cause neuromuscular blockade, a condition also induced by Botulinum_toxin through inhibition of acetylcholine release. This highlights the importance of cautious antibiotic selection to avoid worsening neuromuscular symptoms in botulism cases.",Question Complexity,3. Moderate: Question requiring integration of multiple biomedical concepts
205647,"When managing bacterial infections that could complicate botulism, what potential side effect of certain broad-spectrum antibiotics (like tetracycline derivatives) might inadvertently exacerbate the primary physiological effect of Botulinum_toxin?","Neuromuscular blockade. Although rare, high doses of certain tetracyclines (e.g., Clomocycline, Tigecycline, Rolitetracycline) can cause neuromuscular blockade, a condition also induced by Botulinum_toxin through inhibition of acetylcholine release. This highlights the importance of cautious antibiotic selection to avoid worsening neuromuscular symptoms in botulism cases.",Specificity of Answer,4. Very specific: Answer is detailed and precise
205647,"When managing bacterial infections that could complicate botulism, what potential side effect of certain broad-spectrum antibiotics (like tetracycline derivatives) might inadvertently exacerbate the primary physiological effect of Botulinum_toxin?","Neuromuscular blockade. Although rare, high doses of certain tetracyclines (e.g., Clomocycline, Tigecycline, Rolitetracycline) can cause neuromuscular blockade, a condition also induced by Botulinum_toxin through inhibition of acetylcholine release. This highlights the importance of cautious antibiotic selection to avoid worsening neuromuscular symptoms in botulism cases.",Answer Completeness,"5. Fully complete: The answer fully and comprehensively covers every aspect of the question, leaving no gaps in information."
48770,"Considering the comorbidity of Chronic Obstructive Pulmonary Disease (COPD) and Heart Failure, what receptor type could be a therapeutic target to alleviate symptoms of both conditions, given the common use of diuretics in heart failure management?","The adrenoceptor beta 2 is a plausible target. In COPD, beta-2 adrenoceptors facilitate bronchodilation. In Heart Failure, while the primary connection is through diuretic therapy reducing fluid overload, medications targeting beta-2 adrenoceptors could offer a dual benefit by improving respiratory function in COPD and, through systemic physiological effects, supporting heart failure management, albeit with careful consideration of potential interactions with diuretics.",Scientific Validity of the Question,5. Completely valid: Perfectly aligned with current scientific understanding and uses appropriate terminology
48770,"Considering the comorbidity of Chronic Obstructive Pulmonary Disease (COPD) and Heart Failure, what receptor type could be a therapeutic target to alleviate symptoms of both conditions, given the common use of diuretics in heart failure management?","The adrenoceptor beta 2 is a plausible target. In COPD, beta-2 adrenoceptors facilitate bronchodilation. In Heart Failure, while the primary connection is through diuretic therapy reducing fluid overload, medications targeting beta-2 adrenoceptors could offer a dual benefit by improving respiratory function in COPD and, through systemic physiological effects, supporting heart failure management, albeit with careful consideration of potential interactions with diuretics.",Scientific Validity of the Answer,"5. Completely valid: Perfectly aligned with current scientific understanding, comprehensive, and appropriately nuanced"
48770,"Considering the comorbidity of Chronic Obstructive Pulmonary Disease (COPD) and Heart Failure, what receptor type could be a therapeutic target to alleviate symptoms of both conditions, given the common use of diuretics in heart failure management?","The adrenoceptor beta 2 is a plausible target. In COPD, beta-2 adrenoceptors facilitate bronchodilation. In Heart Failure, while the primary connection is through diuretic therapy reducing fluid overload, medications targeting beta-2 adrenoceptors could offer a dual benefit by improving respiratory function in COPD and, through systemic physiological effects, supporting heart failure management, albeit with careful consideration of potential interactions with diuretics.",Question Complexity,3. Moderate: Question requiring integration of multiple biomedical concepts
48770,"Considering the comorbidity of Chronic Obstructive Pulmonary Disease (COPD) and Heart Failure, what receptor type could be a therapeutic target to alleviate symptoms of both conditions, given the common use of diuretics in heart failure management?","The adrenoceptor beta 2 is a plausible target. In COPD, beta-2 adrenoceptors facilitate bronchodilation. In Heart Failure, while the primary connection is through diuretic therapy reducing fluid overload, medications targeting beta-2 adrenoceptors could offer a dual benefit by improving respiratory function in COPD and, through systemic physiological effects, supporting heart failure management, albeit with careful consideration of potential interactions with diuretics.",Specificity of Answer,2. Somewhat general: Answer provides some specifics but lacks precision
48770,"Considering the comorbidity of Chronic Obstructive Pulmonary Disease (COPD) and Heart Failure, what receptor type could be a therapeutic target to alleviate symptoms of both conditions, given the common use of diuretics in heart failure management?","The adrenoceptor beta 2 is a plausible target. In COPD, beta-2 adrenoceptors facilitate bronchodilation. In Heart Failure, while the primary connection is through diuretic therapy reducing fluid overload, medications targeting beta-2 adrenoceptors could offer a dual benefit by improving respiratory function in COPD and, through systemic physiological effects, supporting heart failure management, albeit with careful consideration of potential interactions with diuretics.",Answer Completeness,3. Moderately complete: Answer covers most critical elements but lacks some details or supporting points
81723,"How does the immunosuppressive action of tacrolimus, prescribed for patients with ovarian neoplasms, increase their susceptibility to a specific type of adverse outcome, considering the broader context of genetic influences on treatment efficacy?","The primary concern is an increased risk of infections. Tacrolimus suppresses the immune system, heightening infection risk. While genetic factors like those involving DNA repair (e.g., ERCC excision repair 1) and developmental genes (e.g., double homeobox 1) may influence treatment outcomes in ovarian neoplasm patients, the direct link to heightened infection susceptibility is primarily due to tacrolimus's immunosuppressive effects, impairing the body's ability to combat pathogens.",Scientific Validity of the Question,5. Completely valid: Perfectly aligned with current scientific understanding and uses appropriate terminology
81723,"How does the immunosuppressive action of tacrolimus, prescribed for patients with ovarian neoplasms, increase their susceptibility to a specific type of adverse outcome, considering the broader context of genetic influences on treatment efficacy?","The primary concern is an increased risk of infections. Tacrolimus suppresses the immune system, heightening infection risk. While genetic factors like those involving DNA repair (e.g., ERCC excision repair 1) and developmental genes (e.g., double homeobox 1) may influence treatment outcomes in ovarian neoplasm patients, the direct link to heightened infection susceptibility is primarily due to tacrolimus's immunosuppressive effects, impairing the body's ability to combat pathogens.",Scientific Validity of the Answer,"5. Completely valid: Perfectly aligned with current scientific understanding, comprehensive, and appropriately nuanced"
81723,"How does the immunosuppressive action of tacrolimus, prescribed for patients with ovarian neoplasms, increase their susceptibility to a specific type of adverse outcome, considering the broader context of genetic influences on treatment efficacy?","The primary concern is an increased risk of infections. Tacrolimus suppresses the immune system, heightening infection risk. While genetic factors like those involving DNA repair (e.g., ERCC excision repair 1) and developmental genes (e.g., double homeobox 1) may influence treatment outcomes in ovarian neoplasm patients, the direct link to heightened infection susceptibility is primarily due to tacrolimus's immunosuppressive effects, impairing the body's ability to combat pathogens.",Question Complexity,4. Complex: Question requiring advanced knowledge and analysis of biomedical mechanisms or relationships
81723,"How does the immunosuppressive action of tacrolimus, prescribed for patients with ovarian neoplasms, increase their susceptibility to a specific type of adverse outcome, considering the broader context of genetic influences on treatment efficacy?","The primary concern is an increased risk of infections. Tacrolimus suppresses the immune system, heightening infection risk. While genetic factors like those involving DNA repair (e.g., ERCC excision repair 1) and developmental genes (e.g., double homeobox 1) may influence treatment outcomes in ovarian neoplasm patients, the direct link to heightened infection susceptibility is primarily due to tacrolimus's immunosuppressive effects, impairing the body's ability to combat pathogens.",Specificity of Answer,2. Somewhat general: Answer provides some specifics but lacks precision
81723,"How does the immunosuppressive action of tacrolimus, prescribed for patients with ovarian neoplasms, increase their susceptibility to a specific type of adverse outcome, considering the broader context of genetic influences on treatment efficacy?","The primary concern is an increased risk of infections. Tacrolimus suppresses the immune system, heightening infection risk. While genetic factors like those involving DNA repair (e.g., ERCC excision repair 1) and developmental genes (e.g., double homeobox 1) may influence treatment outcomes in ovarian neoplasm patients, the direct link to heightened infection susceptibility is primarily due to tacrolimus's immunosuppressive effects, impairing the body's ability to combat pathogens.",Answer Completeness,3. Moderately complete: Answer covers most critical elements but lacks some details or supporting points
19972,How might the PEGylation strategy observed in the development of therapeutic agents related to Abicipar Pegol enhance the pharmacokinetic profile of an enzyme like uricase?,"PEGylation, a strategy potentially applied in Abicipar Pegol's development, involves attaching polyethylene glycol (PEG) to drugs/enzymes, enhancing solubility, reducing immunogenicity, and prolonging half-life. For uricase, PEGylation (as in PEG-uricase) allows for more effective treatment of hyperuricemia by maintaining therapeutic enzyme activity while minimizing immune response, a principle that could similarly benefit the design of pegylated therapeutic proteins like Abicipar Pegol.",Scientific Validity of the Question,5. Completely valid: Perfectly aligned with current scientific understanding and uses appropriate terminology
19972,How might the PEGylation strategy observed in the development of therapeutic agents related to Abicipar Pegol enhance the pharmacokinetic profile of an enzyme like uricase?,"PEGylation, a strategy potentially applied in Abicipar Pegol's development, involves attaching polyethylene glycol (PEG) to drugs/enzymes, enhancing solubility, reducing immunogenicity, and prolonging half-life. For uricase, PEGylation (as in PEG-uricase) allows for more effective treatment of hyperuricemia by maintaining therapeutic enzyme activity while minimizing immune response, a principle that could similarly benefit the design of pegylated therapeutic proteins like Abicipar Pegol.",Scientific Validity of the Answer,"5. Completely valid: Perfectly aligned with current scientific understanding, comprehensive, and appropriately nuanced"
19972,How might the PEGylation strategy observed in the development of therapeutic agents related to Abicipar Pegol enhance the pharmacokinetic profile of an enzyme like uricase?,"PEGylation, a strategy potentially applied in Abicipar Pegol's development, involves attaching polyethylene glycol (PEG) to drugs/enzymes, enhancing solubility, reducing immunogenicity, and prolonging half-life. For uricase, PEGylation (as in PEG-uricase) allows for more effective treatment of hyperuricemia by maintaining therapeutic enzyme activity while minimizing immune response, a principle that could similarly benefit the design of pegylated therapeutic proteins like Abicipar Pegol.",Question Complexity,3. Moderate: Question requiring integration of multiple biomedical concepts
19972,How might the PEGylation strategy observed in the development of therapeutic agents related to Abicipar Pegol enhance the pharmacokinetic profile of an enzyme like uricase?,"PEGylation, a strategy potentially applied in Abicipar Pegol's development, involves attaching polyethylene glycol (PEG) to drugs/enzymes, enhancing solubility, reducing immunogenicity, and prolonging half-life. For uricase, PEGylation (as in PEG-uricase) allows for more effective treatment of hyperuricemia by maintaining therapeutic enzyme activity while minimizing immune response, a principle that could similarly benefit the design of pegylated therapeutic proteins like Abicipar Pegol.",Specificity of Answer,4. Very specific: Answer is detailed and precise
19972,How might the PEGylation strategy observed in the development of therapeutic agents related to Abicipar Pegol enhance the pharmacokinetic profile of an enzyme like uricase?,"PEGylation, a strategy potentially applied in Abicipar Pegol's development, involves attaching polyethylene glycol (PEG) to drugs/enzymes, enhancing solubility, reducing immunogenicity, and prolonging half-life. For uricase, PEGylation (as in PEG-uricase) allows for more effective treatment of hyperuricemia by maintaining therapeutic enzyme activity while minimizing immune response, a principle that could similarly benefit the design of pegylated therapeutic proteins like Abicipar Pegol.",Answer Completeness,"5. Fully complete: The answer fully and comprehensively covers every aspect of the question, leaving no gaps in information."
88794,"In patients undergoing anticoagulant therapy with Edoxaban, what is the likely enzymatic precursor involved in the coagulation cascade that is indirectly affected by this treatment, given its mechanism of action on Activated factor Xa heavy chain?","Factor IX. Edoxaban, a direct oral anticoagulant, exerts its effect by inhibiting Activated factor Xa heavy chain. In the coagulation cascade, Activated factor Xa is a downstream product of the intrinsic pathway, where Factor IX (as part of the tenase complex with Factor VIII) plays a crucial role in activating Factor X. Thus, by inhibiting Activated factor Xa, Edoxaban indirectly affects the efficiency of the coagulation process initiated by Factor IX. This mechanism is pivotal in preventing thromboembolic events without significantly increasing the risk of bleeding, as seen with some other anticoagulants.",Scientific Validity of the Question,5. Completely valid: Perfectly aligned with current scientific understanding and uses appropriate terminology
88794,"In patients undergoing anticoagulant therapy with Edoxaban, what is the likely enzymatic precursor involved in the coagulation cascade that is indirectly affected by this treatment, given its mechanism of action on Activated factor Xa heavy chain?","Factor IX. Edoxaban, a direct oral anticoagulant, exerts its effect by inhibiting Activated factor Xa heavy chain. In the coagulation cascade, Activated factor Xa is a downstream product of the intrinsic pathway, where Factor IX (as part of the tenase complex with Factor VIII) plays a crucial role in activating Factor X. Thus, by inhibiting Activated factor Xa, Edoxaban indirectly affects the efficiency of the coagulation process initiated by Factor IX. This mechanism is pivotal in preventing thromboembolic events without significantly increasing the risk of bleeding, as seen with some other anticoagulants.",Scientific Validity of the Answer,2. Slightly valid: Major scientific inaccuracies mixed with some valid information
88794,"In patients undergoing anticoagulant therapy with Edoxaban, what is the likely enzymatic precursor involved in the coagulation cascade that is indirectly affected by this treatment, given its mechanism of action on Activated factor Xa heavy chain?","Factor IX. Edoxaban, a direct oral anticoagulant, exerts its effect by inhibiting Activated factor Xa heavy chain. In the coagulation cascade, Activated factor Xa is a downstream product of the intrinsic pathway, where Factor IX (as part of the tenase complex with Factor VIII) plays a crucial role in activating Factor X. Thus, by inhibiting Activated factor Xa, Edoxaban indirectly affects the efficiency of the coagulation process initiated by Factor IX. This mechanism is pivotal in preventing thromboembolic events without significantly increasing the risk of bleeding, as seen with some other anticoagulants.",Question Complexity,2. Simple: Straightforward question requiring basic understanding of biomedical concepts
88794,"In patients undergoing anticoagulant therapy with Edoxaban, what is the likely enzymatic precursor involved in the coagulation cascade that is indirectly affected by this treatment, given its mechanism of action on Activated factor Xa heavy chain?","Factor IX. Edoxaban, a direct oral anticoagulant, exerts its effect by inhibiting Activated factor Xa heavy chain. In the coagulation cascade, Activated factor Xa is a downstream product of the intrinsic pathway, where Factor IX (as part of the tenase complex with Factor VIII) plays a crucial role in activating Factor X. Thus, by inhibiting Activated factor Xa, Edoxaban indirectly affects the efficiency of the coagulation process initiated by Factor IX. This mechanism is pivotal in preventing thromboembolic events without significantly increasing the risk of bleeding, as seen with some other anticoagulants.",Specificity of Answer,2. Somewhat general: Answer provides some specifics but lacks precision
88794,"In patients undergoing anticoagulant therapy with Edoxaban, what is the likely enzymatic precursor involved in the coagulation cascade that is indirectly affected by this treatment, given its mechanism of action on Activated factor Xa heavy chain?","Factor IX. Edoxaban, a direct oral anticoagulant, exerts its effect by inhibiting Activated factor Xa heavy chain. In the coagulation cascade, Activated factor Xa is a downstream product of the intrinsic pathway, where Factor IX (as part of the tenase complex with Factor VIII) plays a crucial role in activating Factor X. Thus, by inhibiting Activated factor Xa, Edoxaban indirectly affects the efficiency of the coagulation process initiated by Factor IX. This mechanism is pivotal in preventing thromboembolic events without significantly increasing the risk of bleeding, as seen with some other anticoagulants.",Answer Completeness,"1. Severely incomplete: Answer is wrong or addresses only a minimal fraction of what was asked, leaving most aspects of the question unanswered"
199626,"In the context of neuroprotection, what zinc-binding protein might be induced by zinc chloride to safeguard against potential neurotoxic effects associated with enhanced activity of the glycine receptor subunit alpha-1?","Metallothionein-1A is likely upregulated in response to zinc chloride treatment. This protein regulates zinc ions, protecting cells against zinc-induced toxicity and potentially modulating the activity of zinc-sensitive receptors like the glycine receptor subunit alpha-1, thus preventing neurotoxicity.",Scientific Validity of the Question,5. Completely valid: Perfectly aligned with current scientific understanding and uses appropriate terminology
199626,"In the context of neuroprotection, what zinc-binding protein might be induced by zinc chloride to safeguard against potential neurotoxic effects associated with enhanced activity of the glycine receptor subunit alpha-1?","Metallothionein-1A is likely upregulated in response to zinc chloride treatment. This protein regulates zinc ions, protecting cells against zinc-induced toxicity and potentially modulating the activity of zinc-sensitive receptors like the glycine receptor subunit alpha-1, thus preventing neurotoxicity.",Scientific Validity of the Answer,"5. Completely valid: Perfectly aligned with current scientific understanding, comprehensive, and appropriately nuanced"
199626,"In the context of neuroprotection, what zinc-binding protein might be induced by zinc chloride to safeguard against potential neurotoxic effects associated with enhanced activity of the glycine receptor subunit alpha-1?","Metallothionein-1A is likely upregulated in response to zinc chloride treatment. This protein regulates zinc ions, protecting cells against zinc-induced toxicity and potentially modulating the activity of zinc-sensitive receptors like the glycine receptor subunit alpha-1, thus preventing neurotoxicity.",Question Complexity,4. Complex: Question requiring advanced knowledge and analysis of biomedical mechanisms or relationships
199626,"In the context of neuroprotection, what zinc-binding protein might be induced by zinc chloride to safeguard against potential neurotoxic effects associated with enhanced activity of the glycine receptor subunit alpha-1?","Metallothionein-1A is likely upregulated in response to zinc chloride treatment. This protein regulates zinc ions, protecting cells against zinc-induced toxicity and potentially modulating the activity of zinc-sensitive receptors like the glycine receptor subunit alpha-1, thus preventing neurotoxicity.",Specificity of Answer,4. Very specific: Answer is detailed and precise
199626,"In the context of neuroprotection, what zinc-binding protein might be induced by zinc chloride to safeguard against potential neurotoxic effects associated with enhanced activity of the glycine receptor subunit alpha-1?","Metallothionein-1A is likely upregulated in response to zinc chloride treatment. This protein regulates zinc ions, protecting cells against zinc-induced toxicity and potentially modulating the activity of zinc-sensitive receptors like the glycine receptor subunit alpha-1, thus preventing neurotoxicity.",Answer Completeness,"5. Fully complete: The answer fully and comprehensively covers every aspect of the question, leaving no gaps in information."
20081,"For a patient presenting with facial asymmetry, what is the increased risk of a specific malignant tumor if the cause is attributed to a common neurocutaneous genetic disorder, as opposed to a rare X-linked intellectual disability syndrome?","A patient with facial asymmetry due to Neurofibromatosis type 1 (NF1) is at an increased risk of developing Neurofibrosarcoma, a rare and severe malignancy. This risk is notably higher compared to conditions like Intellectual Disability-Hypotonic Facies Syndrome, X-Linked, 1 (MRXHF1), which, while presenting with physical anomalies, does not have a known association with neurofibrosarcoma. NF1's direct link to neurofibromas and, subsequently, neurofibrosarcoma, underscores the importance of precise genetic diagnosis in assessing this risk.",Scientific Validity of the Question,5. Completely valid: Perfectly aligned with current scientific understanding and uses appropriate terminology
20081,"For a patient presenting with facial asymmetry, what is the increased risk of a specific malignant tumor if the cause is attributed to a common neurocutaneous genetic disorder, as opposed to a rare X-linked intellectual disability syndrome?","A patient with facial asymmetry due to Neurofibromatosis type 1 (NF1) is at an increased risk of developing Neurofibrosarcoma, a rare and severe malignancy. This risk is notably higher compared to conditions like Intellectual Disability-Hypotonic Facies Syndrome, X-Linked, 1 (MRXHF1), which, while presenting with physical anomalies, does not have a known association with neurofibrosarcoma. NF1's direct link to neurofibromas and, subsequently, neurofibrosarcoma, underscores the importance of precise genetic diagnosis in assessing this risk.",Scientific Validity of the Answer,"5. Completely valid: Perfectly aligned with current scientific understanding, comprehensive, and appropriately nuanced"
20081,"For a patient presenting with facial asymmetry, what is the increased risk of a specific malignant tumor if the cause is attributed to a common neurocutaneous genetic disorder, as opposed to a rare X-linked intellectual disability syndrome?","A patient with facial asymmetry due to Neurofibromatosis type 1 (NF1) is at an increased risk of developing Neurofibrosarcoma, a rare and severe malignancy. This risk is notably higher compared to conditions like Intellectual Disability-Hypotonic Facies Syndrome, X-Linked, 1 (MRXHF1), which, while presenting with physical anomalies, does not have a known association with neurofibrosarcoma. NF1's direct link to neurofibromas and, subsequently, neurofibrosarcoma, underscores the importance of precise genetic diagnosis in assessing this risk.",Question Complexity,3. Moderate: Question requiring integration of multiple biomedical concepts
20081,"For a patient presenting with facial asymmetry, what is the increased risk of a specific malignant tumor if the cause is attributed to a common neurocutaneous genetic disorder, as opposed to a rare X-linked intellectual disability syndrome?","A patient with facial asymmetry due to Neurofibromatosis type 1 (NF1) is at an increased risk of developing Neurofibrosarcoma, a rare and severe malignancy. This risk is notably higher compared to conditions like Intellectual Disability-Hypotonic Facies Syndrome, X-Linked, 1 (MRXHF1), which, while presenting with physical anomalies, does not have a known association with neurofibrosarcoma. NF1's direct link to neurofibromas and, subsequently, neurofibrosarcoma, underscores the importance of precise genetic diagnosis in assessing this risk.",Specificity of Answer,4. Very specific: Answer is detailed and precise
20081,"For a patient presenting with facial asymmetry, what is the increased risk of a specific malignant tumor if the cause is attributed to a common neurocutaneous genetic disorder, as opposed to a rare X-linked intellectual disability syndrome?","A patient with facial asymmetry due to Neurofibromatosis type 1 (NF1) is at an increased risk of developing Neurofibrosarcoma, a rare and severe malignancy. This risk is notably higher compared to conditions like Intellectual Disability-Hypotonic Facies Syndrome, X-Linked, 1 (MRXHF1), which, while presenting with physical anomalies, does not have a known association with neurofibrosarcoma. NF1's direct link to neurofibromas and, subsequently, neurofibrosarcoma, underscores the importance of precise genetic diagnosis in assessing this risk.",Answer Completeness,"5. Fully complete: The answer fully and comprehensively covers every aspect of the question, leaving no gaps in information."
49148,What commonly abused substance can exacerbate bipolar disorder symptoms via interactions with dopamine receptor D3 and neuronal calcium channels?,"Ethanol exacerbates bipolar disorder symptoms by disrupting dopamine balance through dopamine receptor D3 interaction and altering neuronal excitability via calcium voltage-gated channels (like alpha1 C subunit). This dual mechanism contributes to mood instability, as supported by studies on substance abuse and neurobiology (e.g., [Reference: 'Alcohol's impact on neurotransmitter systems', a hypothetical example, for deeper reading)].",Scientific Validity of the Question,5. Completely valid: Perfectly aligned with current scientific understanding and uses appropriate terminology
49148,What commonly abused substance can exacerbate bipolar disorder symptoms via interactions with dopamine receptor D3 and neuronal calcium channels?,"Ethanol exacerbates bipolar disorder symptoms by disrupting dopamine balance through dopamine receptor D3 interaction and altering neuronal excitability via calcium voltage-gated channels (like alpha1 C subunit). This dual mechanism contributes to mood instability, as supported by studies on substance abuse and neurobiology (e.g., [Reference: 'Alcohol's impact on neurotransmitter systems', a hypothetical example, for deeper reading)].",Scientific Validity of the Answer,"5. Completely valid: Perfectly aligned with current scientific understanding, comprehensive, and appropriately nuanced"
49148,What commonly abused substance can exacerbate bipolar disorder symptoms via interactions with dopamine receptor D3 and neuronal calcium channels?,"Ethanol exacerbates bipolar disorder symptoms by disrupting dopamine balance through dopamine receptor D3 interaction and altering neuronal excitability via calcium voltage-gated channels (like alpha1 C subunit). This dual mechanism contributes to mood instability, as supported by studies on substance abuse and neurobiology (e.g., [Reference: 'Alcohol's impact on neurotransmitter systems', a hypothetical example, for deeper reading)].",Question Complexity,3. Moderate: Question requiring integration of multiple biomedical concepts
49148,What commonly abused substance can exacerbate bipolar disorder symptoms via interactions with dopamine receptor D3 and neuronal calcium channels?,"Ethanol exacerbates bipolar disorder symptoms by disrupting dopamine balance through dopamine receptor D3 interaction and altering neuronal excitability via calcium voltage-gated channels (like alpha1 C subunit). This dual mechanism contributes to mood instability, as supported by studies on substance abuse and neurobiology (e.g., [Reference: 'Alcohol's impact on neurotransmitter systems', a hypothetical example, for deeper reading)].",Specificity of Answer,3. Appropriately specific: Answer provides the right level of detail for the question
49148,What commonly abused substance can exacerbate bipolar disorder symptoms via interactions with dopamine receptor D3 and neuronal calcium channels?,"Ethanol exacerbates bipolar disorder symptoms by disrupting dopamine balance through dopamine receptor D3 interaction and altering neuronal excitability via calcium voltage-gated channels (like alpha1 C subunit). This dual mechanism contributes to mood instability, as supported by studies on substance abuse and neurobiology (e.g., [Reference: 'Alcohol's impact on neurotransmitter systems', a hypothetical example, for deeper reading)].",Answer Completeness,"5. Fully complete: The answer fully and comprehensively covers every aspect of the question, leaving no gaps in information."
56829,"How might ethanol consumption impact the neurotransmitter balance in Hyperkinetic syndrome NOS, and which enzyme could be indirectly affected, contributing to symptom exacerbation?","Ethanol consumption can alter the expression or activity of dopamine receptor D4, associated with Hyperkinetic syndrome NOS symptoms. This alteration can indirectly affect dopamine beta-hydroxylase, the enzyme responsible for converting dopamine to norepinephrine. The disruption in the balance between these catecholamines could exacerbate symptoms of hyperkinetic disorders. This interaction highlights the complex interplay between substance abuse, neurotransmitter systems, and behavioral syndromes.",Scientific Validity of the Question,5. Completely valid: Perfectly aligned with current scientific understanding and uses appropriate terminology
56829,"How might ethanol consumption impact the neurotransmitter balance in Hyperkinetic syndrome NOS, and which enzyme could be indirectly affected, contributing to symptom exacerbation?","Ethanol consumption can alter the expression or activity of dopamine receptor D4, associated with Hyperkinetic syndrome NOS symptoms. This alteration can indirectly affect dopamine beta-hydroxylase, the enzyme responsible for converting dopamine to norepinephrine. The disruption in the balance between these catecholamines could exacerbate symptoms of hyperkinetic disorders. This interaction highlights the complex interplay between substance abuse, neurotransmitter systems, and behavioral syndromes.",Scientific Validity of the Answer,"5. Completely valid: Perfectly aligned with current scientific understanding, comprehensive, and appropriately nuanced"
56829,"How might ethanol consumption impact the neurotransmitter balance in Hyperkinetic syndrome NOS, and which enzyme could be indirectly affected, contributing to symptom exacerbation?","Ethanol consumption can alter the expression or activity of dopamine receptor D4, associated with Hyperkinetic syndrome NOS symptoms. This alteration can indirectly affect dopamine beta-hydroxylase, the enzyme responsible for converting dopamine to norepinephrine. The disruption in the balance between these catecholamines could exacerbate symptoms of hyperkinetic disorders. This interaction highlights the complex interplay between substance abuse, neurotransmitter systems, and behavioral syndromes.",Question Complexity,3. Moderate: Question requiring integration of multiple biomedical concepts
56829,"How might ethanol consumption impact the neurotransmitter balance in Hyperkinetic syndrome NOS, and which enzyme could be indirectly affected, contributing to symptom exacerbation?","Ethanol consumption can alter the expression or activity of dopamine receptor D4, associated with Hyperkinetic syndrome NOS symptoms. This alteration can indirectly affect dopamine beta-hydroxylase, the enzyme responsible for converting dopamine to norepinephrine. The disruption in the balance between these catecholamines could exacerbate symptoms of hyperkinetic disorders. This interaction highlights the complex interplay between substance abuse, neurotransmitter systems, and behavioral syndromes.",Specificity of Answer,3. Appropriately specific: Answer provides the right level of detail for the question
56829,"How might ethanol consumption impact the neurotransmitter balance in Hyperkinetic syndrome NOS, and which enzyme could be indirectly affected, contributing to symptom exacerbation?","Ethanol consumption can alter the expression or activity of dopamine receptor D4, associated with Hyperkinetic syndrome NOS symptoms. This alteration can indirectly affect dopamine beta-hydroxylase, the enzyme responsible for converting dopamine to norepinephrine. The disruption in the balance between these catecholamines could exacerbate symptoms of hyperkinetic disorders. This interaction highlights the complex interplay between substance abuse, neurotransmitter systems, and behavioral syndromes.",Answer Completeness,"5. Fully complete: The answer fully and comprehensively covers every aspect of the question, leaving no gaps in information."
180325,"How might therapies targeting interleukin 6, a cytokine involved in immune responses, be relevant to both managing post-transplant patients and treating chronic inflammatory conditions of the gastrointestinal tract?","Therapies targeting interleukin 6 could be beneficial in treating ulcerative colitis, a chronic inflammatory bowel disease, and in managing patients post-kidney transplant. An agent like SangCyA, with immunosuppressive properties, might be explored in both contexts. By reducing interleukin 6's pro-inflammatory effects, such treatments could help in alleviating symptoms of ulcerative colitis and preventing transplant rejection, highlighting a potential dual therapeutic application.",Scientific Validity of the Question,5. Completely valid: Perfectly aligned with current scientific understanding and uses appropriate terminology
180325,"How might therapies targeting interleukin 6, a cytokine involved in immune responses, be relevant to both managing post-transplant patients and treating chronic inflammatory conditions of the gastrointestinal tract?","Therapies targeting interleukin 6 could be beneficial in treating ulcerative colitis, a chronic inflammatory bowel disease, and in managing patients post-kidney transplant. An agent like SangCyA, with immunosuppressive properties, might be explored in both contexts. By reducing interleukin 6's pro-inflammatory effects, such treatments could help in alleviating symptoms of ulcerative colitis and preventing transplant rejection, highlighting a potential dual therapeutic application.",Scientific Validity of the Answer,"5. Completely valid: Perfectly aligned with current scientific understanding, comprehensive, and appropriately nuanced"
180325,"How might therapies targeting interleukin 6, a cytokine involved in immune responses, be relevant to both managing post-transplant patients and treating chronic inflammatory conditions of the gastrointestinal tract?","Therapies targeting interleukin 6 could be beneficial in treating ulcerative colitis, a chronic inflammatory bowel disease, and in managing patients post-kidney transplant. An agent like SangCyA, with immunosuppressive properties, might be explored in both contexts. By reducing interleukin 6's pro-inflammatory effects, such treatments could help in alleviating symptoms of ulcerative colitis and preventing transplant rejection, highlighting a potential dual therapeutic application.",Question Complexity,3. Moderate: Question requiring integration of multiple biomedical concepts
180325,"How might therapies targeting interleukin 6, a cytokine involved in immune responses, be relevant to both managing post-transplant patients and treating chronic inflammatory conditions of the gastrointestinal tract?","Therapies targeting interleukin 6 could be beneficial in treating ulcerative colitis, a chronic inflammatory bowel disease, and in managing patients post-kidney transplant. An agent like SangCyA, with immunosuppressive properties, might be explored in both contexts. By reducing interleukin 6's pro-inflammatory effects, such treatments could help in alleviating symptoms of ulcerative colitis and preventing transplant rejection, highlighting a potential dual therapeutic application.",Specificity of Answer,3. Appropriately specific: Answer provides the right level of detail for the question
180325,"How might therapies targeting interleukin 6, a cytokine involved in immune responses, be relevant to both managing post-transplant patients and treating chronic inflammatory conditions of the gastrointestinal tract?","Therapies targeting interleukin 6 could be beneficial in treating ulcerative colitis, a chronic inflammatory bowel disease, and in managing patients post-kidney transplant. An agent like SangCyA, with immunosuppressive properties, might be explored in both contexts. By reducing interleukin 6's pro-inflammatory effects, such treatments could help in alleviating symptoms of ulcerative colitis and preventing transplant rejection, highlighting a potential dual therapeutic application.",Answer Completeness,"5. Fully complete: The answer fully and comprehensively covers every aspect of the question, leaving no gaps in information."
84490,"Following cataract surgery, what specific NSAID, related to phenyl aminosalicylate in its pharmacological profile, is typically prescribed to alleviate ocular discomfort, and how does its mechanism of action support its use in this context?","Nepafenac is the prescribed NSAID. Its relation to phenyl aminosalicylate highlights a shared salicylate component, contributing to its anti-inflammatory and analgesic effects. Unlike corticosteroids, Nepafenac's non-steroidal mechanism reduces the risk of steroid-induced glaucoma, making it ideal for post-surgical ocular inflammation management. This targeted action helps prevent complications such as scab formation, promoting smoother recovery from surgeries like cataract removal.",Scientific Validity of the Question,5. Completely valid: Perfectly aligned with current scientific understanding and uses appropriate terminology
84490,"Following cataract surgery, what specific NSAID, related to phenyl aminosalicylate in its pharmacological profile, is typically prescribed to alleviate ocular discomfort, and how does its mechanism of action support its use in this context?","Nepafenac is the prescribed NSAID. Its relation to phenyl aminosalicylate highlights a shared salicylate component, contributing to its anti-inflammatory and analgesic effects. Unlike corticosteroids, Nepafenac's non-steroidal mechanism reduces the risk of steroid-induced glaucoma, making it ideal for post-surgical ocular inflammation management. This targeted action helps prevent complications such as scab formation, promoting smoother recovery from surgeries like cataract removal.",Scientific Validity of the Answer,3. Moderately valid: Contains minor scientific inaccuracies but the core information is correct
84490,"Following cataract surgery, what specific NSAID, related to phenyl aminosalicylate in its pharmacological profile, is typically prescribed to alleviate ocular discomfort, and how does its mechanism of action support its use in this context?","Nepafenac is the prescribed NSAID. Its relation to phenyl aminosalicylate highlights a shared salicylate component, contributing to its anti-inflammatory and analgesic effects. Unlike corticosteroids, Nepafenac's non-steroidal mechanism reduces the risk of steroid-induced glaucoma, making it ideal for post-surgical ocular inflammation management. This targeted action helps prevent complications such as scab formation, promoting smoother recovery from surgeries like cataract removal.",Question Complexity,3. Moderate: Question requiring integration of multiple biomedical concepts
84490,"Following cataract surgery, what specific NSAID, related to phenyl aminosalicylate in its pharmacological profile, is typically prescribed to alleviate ocular discomfort, and how does its mechanism of action support its use in this context?","Nepafenac is the prescribed NSAID. Its relation to phenyl aminosalicylate highlights a shared salicylate component, contributing to its anti-inflammatory and analgesic effects. Unlike corticosteroids, Nepafenac's non-steroidal mechanism reduces the risk of steroid-induced glaucoma, making it ideal for post-surgical ocular inflammation management. This targeted action helps prevent complications such as scab formation, promoting smoother recovery from surgeries like cataract removal.",Specificity of Answer,3. Appropriately specific: Answer provides the right level of detail for the question
84490,"Following cataract surgery, what specific NSAID, related to phenyl aminosalicylate in its pharmacological profile, is typically prescribed to alleviate ocular discomfort, and how does its mechanism of action support its use in this context?","Nepafenac is the prescribed NSAID. Its relation to phenyl aminosalicylate highlights a shared salicylate component, contributing to its anti-inflammatory and analgesic effects. Unlike corticosteroids, Nepafenac's non-steroidal mechanism reduces the risk of steroid-induced glaucoma, making it ideal for post-surgical ocular inflammation management. This targeted action helps prevent complications such as scab formation, promoting smoother recovery from surgeries like cataract removal.",Answer Completeness,"5. Fully complete: The answer fully and comprehensively covers every aspect of the question, leaving no gaps in information."
234185,"How do ribosomal disruptions, such as those affecting ribosomal protein L15, influence eukaryotic mRNA stability through Exon Junction Complex-independent mechanisms during translation termination?","Ribosomal disruptions can lead to premature or inefficient translation termination, triggering NMD pathways. In eukaryotes, this can occur independently of the EJC, ensuring faulty transcripts are degraded. Specifically, the involvement of ribosomal proteins (like L15, S3, and S15a) in translation termination can impact this process, as their dysfunction may activate NMD, thus maintaining transcriptome integrity by eliminating aberrant mRNAs.",Scientific Validity of the Question,5. Completely valid: Perfectly aligned with current scientific understanding and uses appropriate terminology
234185,"How do ribosomal disruptions, such as those affecting ribosomal protein L15, influence eukaryotic mRNA stability through Exon Junction Complex-independent mechanisms during translation termination?","Ribosomal disruptions can lead to premature or inefficient translation termination, triggering NMD pathways. In eukaryotes, this can occur independently of the EJC, ensuring faulty transcripts are degraded. Specifically, the involvement of ribosomal proteins (like L15, S3, and S15a) in translation termination can impact this process, as their dysfunction may activate NMD, thus maintaining transcriptome integrity by eliminating aberrant mRNAs.",Scientific Validity of the Answer,4. Very valid: Scientifically accurate with only trivial imprecisions
234185,"How do ribosomal disruptions, such as those affecting ribosomal protein L15, influence eukaryotic mRNA stability through Exon Junction Complex-independent mechanisms during translation termination?","Ribosomal disruptions can lead to premature or inefficient translation termination, triggering NMD pathways. In eukaryotes, this can occur independently of the EJC, ensuring faulty transcripts are degraded. Specifically, the involvement of ribosomal proteins (like L15, S3, and S15a) in translation termination can impact this process, as their dysfunction may activate NMD, thus maintaining transcriptome integrity by eliminating aberrant mRNAs.",Question Complexity,4. Complex: Question requiring advanced knowledge and analysis of biomedical mechanisms or relationships
234185,"How do ribosomal disruptions, such as those affecting ribosomal protein L15, influence eukaryotic mRNA stability through Exon Junction Complex-independent mechanisms during translation termination?","Ribosomal disruptions can lead to premature or inefficient translation termination, triggering NMD pathways. In eukaryotes, this can occur independently of the EJC, ensuring faulty transcripts are degraded. Specifically, the involvement of ribosomal proteins (like L15, S3, and S15a) in translation termination can impact this process, as their dysfunction may activate NMD, thus maintaining transcriptome integrity by eliminating aberrant mRNAs.",Specificity of Answer,4. Very specific: Answer is detailed and precise
234185,"How do ribosomal disruptions, such as those affecting ribosomal protein L15, influence eukaryotic mRNA stability through Exon Junction Complex-independent mechanisms during translation termination?","Ribosomal disruptions can lead to premature or inefficient translation termination, triggering NMD pathways. In eukaryotes, this can occur independently of the EJC, ensuring faulty transcripts are degraded. Specifically, the involvement of ribosomal proteins (like L15, S3, and S15a) in translation termination can impact this process, as their dysfunction may activate NMD, thus maintaining transcriptome integrity by eliminating aberrant mRNAs.",Answer Completeness,"5. Fully complete: The answer fully and comprehensively covers every aspect of the question, leaving no gaps in information."
155505,"A patient with a history of unspecified chronic alcoholism presents with symptoms of Hyperkinetic syndrome. What potential underlying transport mechanism might be affected, contributing to the patient's condition, and how could this relate to their alcohol consumption?","The solute carrier family 6 member 4 (SLC6A4) might be implicated. As a transporter involved in the regulation of neurotransmitter uptake, its dysfunction could contribute to the development of Hyperkinetic syndrome. Chronic alcoholism, as indicated by the patient's history of unspecified chronic alcoholism, can lead to alterations in neurotransmitter systems. Ethanol exposure is known to affect the expression and function of various transporters, including those in the SLC6 family. Therefore, it is plausible that chronic ethanol consumption (Node 1: Ethanol) has impacted the patient's SLC6A4 (Node 0: solute carrier family 6 member 4) function, potentially exacerbating or contributing to the manifestation of Hyperkinetic syndrome (Node 2: Hyperkinetic syndrome NOS), with a possible secondary effect on weight regulation (Node 4: Weight increasing) due to the broad metabolic and neurological impacts of both the syndrome and alcohol consumption.",Scientific Validity of the Question,5. Completely valid: Perfectly aligned with current scientific understanding and uses appropriate terminology
155505,"A patient with a history of unspecified chronic alcoholism presents with symptoms of Hyperkinetic syndrome. What potential underlying transport mechanism might be affected, contributing to the patient's condition, and how could this relate to their alcohol consumption?","The solute carrier family 6 member 4 (SLC6A4) might be implicated. As a transporter involved in the regulation of neurotransmitter uptake, its dysfunction could contribute to the development of Hyperkinetic syndrome. Chronic alcoholism, as indicated by the patient's history of unspecified chronic alcoholism, can lead to alterations in neurotransmitter systems. Ethanol exposure is known to affect the expression and function of various transporters, including those in the SLC6 family. Therefore, it is plausible that chronic ethanol consumption (Node 1: Ethanol) has impacted the patient's SLC6A4 (Node 0: solute carrier family 6 member 4) function, potentially exacerbating or contributing to the manifestation of Hyperkinetic syndrome (Node 2: Hyperkinetic syndrome NOS), with a possible secondary effect on weight regulation (Node 4: Weight increasing) due to the broad metabolic and neurological impacts of both the syndrome and alcohol consumption.",Scientific Validity of the Answer,2. Slightly valid: Major scientific inaccuracies mixed with some valid information
155505,"A patient with a history of unspecified chronic alcoholism presents with symptoms of Hyperkinetic syndrome. What potential underlying transport mechanism might be affected, contributing to the patient's condition, and how could this relate to their alcohol consumption?","The solute carrier family 6 member 4 (SLC6A4) might be implicated. As a transporter involved in the regulation of neurotransmitter uptake, its dysfunction could contribute to the development of Hyperkinetic syndrome. Chronic alcoholism, as indicated by the patient's history of unspecified chronic alcoholism, can lead to alterations in neurotransmitter systems. Ethanol exposure is known to affect the expression and function of various transporters, including those in the SLC6 family. Therefore, it is plausible that chronic ethanol consumption (Node 1: Ethanol) has impacted the patient's SLC6A4 (Node 0: solute carrier family 6 member 4) function, potentially exacerbating or contributing to the manifestation of Hyperkinetic syndrome (Node 2: Hyperkinetic syndrome NOS), with a possible secondary effect on weight regulation (Node 4: Weight increasing) due to the broad metabolic and neurological impacts of both the syndrome and alcohol consumption.",Question Complexity,3. Moderate: Question requiring integration of multiple biomedical concepts
155505,"A patient with a history of unspecified chronic alcoholism presents with symptoms of Hyperkinetic syndrome. What potential underlying transport mechanism might be affected, contributing to the patient's condition, and how could this relate to their alcohol consumption?","The solute carrier family 6 member 4 (SLC6A4) might be implicated. As a transporter involved in the regulation of neurotransmitter uptake, its dysfunction could contribute to the development of Hyperkinetic syndrome. Chronic alcoholism, as indicated by the patient's history of unspecified chronic alcoholism, can lead to alterations in neurotransmitter systems. Ethanol exposure is known to affect the expression and function of various transporters, including those in the SLC6 family. Therefore, it is plausible that chronic ethanol consumption (Node 1: Ethanol) has impacted the patient's SLC6A4 (Node 0: solute carrier family 6 member 4) function, potentially exacerbating or contributing to the manifestation of Hyperkinetic syndrome (Node 2: Hyperkinetic syndrome NOS), with a possible secondary effect on weight regulation (Node 4: Weight increasing) due to the broad metabolic and neurological impacts of both the syndrome and alcohol consumption.",Specificity of Answer,3. Appropriately specific: Answer provides the right level of detail for the question
155505,"A patient with a history of unspecified chronic alcoholism presents with symptoms of Hyperkinetic syndrome. What potential underlying transport mechanism might be affected, contributing to the patient's condition, and how could this relate to their alcohol consumption?","The solute carrier family 6 member 4 (SLC6A4) might be implicated. As a transporter involved in the regulation of neurotransmitter uptake, its dysfunction could contribute to the development of Hyperkinetic syndrome. Chronic alcoholism, as indicated by the patient's history of unspecified chronic alcoholism, can lead to alterations in neurotransmitter systems. Ethanol exposure is known to affect the expression and function of various transporters, including those in the SLC6 family. Therefore, it is plausible that chronic ethanol consumption (Node 1: Ethanol) has impacted the patient's SLC6A4 (Node 0: solute carrier family 6 member 4) function, potentially exacerbating or contributing to the manifestation of Hyperkinetic syndrome (Node 2: Hyperkinetic syndrome NOS), with a possible secondary effect on weight regulation (Node 4: Weight increasing) due to the broad metabolic and neurological impacts of both the syndrome and alcohol consumption.",Answer Completeness,3. Moderately complete: Answer covers most critical elements but lacks some details or supporting points
177445,"A patient presents with toe syndactyly and is suspected to have a genetic disorder affecting chromosomal structure. What underlying chromosomal maintenance process might be impaired, potentially leading to a syndrome characterized by developmental abnormalities, including midline brain defects?","The patient's condition, possibly Cornelia de Lange Syndrome 3 (CDLS3), may be associated with an impairment in the **structural maintenance of chromosomes**, specifically related to the **establishment of sister chromatid cohesion**. This process, crucial for proper chromosome segregation and DNA repair, is mediated by proteins like those encoded by genes affected in CDLS3. Disruption in this process can lead to the observed developmental abnormalities, including toe syndactyly and potential midline brain defects, highlighting the importance of accurate chromosomal maintenance in preventing such congenital syndromes.",Scientific Validity of the Question,5. Completely valid: Perfectly aligned with current scientific understanding and uses appropriate terminology
177445,"A patient presents with toe syndactyly and is suspected to have a genetic disorder affecting chromosomal structure. What underlying chromosomal maintenance process might be impaired, potentially leading to a syndrome characterized by developmental abnormalities, including midline brain defects?","The patient's condition, possibly Cornelia de Lange Syndrome 3 (CDLS3), may be associated with an impairment in the **structural maintenance of chromosomes**, specifically related to the **establishment of sister chromatid cohesion**. This process, crucial for proper chromosome segregation and DNA repair, is mediated by proteins like those encoded by genes affected in CDLS3. Disruption in this process can lead to the observed developmental abnormalities, including toe syndactyly and potential midline brain defects, highlighting the importance of accurate chromosomal maintenance in preventing such congenital syndromes.",Scientific Validity of the Answer,"5. Completely valid: Perfectly aligned with current scientific understanding, comprehensive, and appropriately nuanced"
177445,"A patient presents with toe syndactyly and is suspected to have a genetic disorder affecting chromosomal structure. What underlying chromosomal maintenance process might be impaired, potentially leading to a syndrome characterized by developmental abnormalities, including midline brain defects?","The patient's condition, possibly Cornelia de Lange Syndrome 3 (CDLS3), may be associated with an impairment in the **structural maintenance of chromosomes**, specifically related to the **establishment of sister chromatid cohesion**. This process, crucial for proper chromosome segregation and DNA repair, is mediated by proteins like those encoded by genes affected in CDLS3. Disruption in this process can lead to the observed developmental abnormalities, including toe syndactyly and potential midline brain defects, highlighting the importance of accurate chromosomal maintenance in preventing such congenital syndromes.",Question Complexity,3. Moderate: Question requiring integration of multiple biomedical concepts
177445,"A patient presents with toe syndactyly and is suspected to have a genetic disorder affecting chromosomal structure. What underlying chromosomal maintenance process might be impaired, potentially leading to a syndrome characterized by developmental abnormalities, including midline brain defects?","The patient's condition, possibly Cornelia de Lange Syndrome 3 (CDLS3), may be associated with an impairment in the **structural maintenance of chromosomes**, specifically related to the **establishment of sister chromatid cohesion**. This process, crucial for proper chromosome segregation and DNA repair, is mediated by proteins like those encoded by genes affected in CDLS3. Disruption in this process can lead to the observed developmental abnormalities, including toe syndactyly and potential midline brain defects, highlighting the importance of accurate chromosomal maintenance in preventing such congenital syndromes.",Specificity of Answer,4. Very specific: Answer is detailed and precise
177445,"A patient presents with toe syndactyly and is suspected to have a genetic disorder affecting chromosomal structure. What underlying chromosomal maintenance process might be impaired, potentially leading to a syndrome characterized by developmental abnormalities, including midline brain defects?","The patient's condition, possibly Cornelia de Lange Syndrome 3 (CDLS3), may be associated with an impairment in the **structural maintenance of chromosomes**, specifically related to the **establishment of sister chromatid cohesion**. This process, crucial for proper chromosome segregation and DNA repair, is mediated by proteins like those encoded by genes affected in CDLS3. Disruption in this process can lead to the observed developmental abnormalities, including toe syndactyly and potential midline brain defects, highlighting the importance of accurate chromosomal maintenance in preventing such congenital syndromes.",Answer Completeness,"5. Fully complete: The answer fully and comprehensively covers every aspect of the question, leaving no gaps in information."
167135,"What type of enzyme is likely involved in the metabolism of complex polyol compounds like 3,6,9,12,15,18-Hexaoxaicosane-1,20-diol in a biological system?","Carbonyl reductases, such as Carbonyl reductase [NADPH] 1, are implicated in the metabolism of various compounds, including complex polyols. These enzymes facilitate the reduction of carbonyl groups, which could be a crucial step in the breakdown or modification of 3,6,9,12,15,18-Hexaoxaicosane-1,20-diol within biological systems, potentially impacting its efficacy or toxicity profile, especially in contexts where similar enzymes are utilized, such as in drug metabolism.",Not qualified to evaluate,I cannot evaluate this case with confidence.
58798,"In the context of kidney transplantation, what enzymatic pathway is crucial for the metabolism of an immunosuppressive drug, which in turn affects the functioning of a specific potassium channel, ultimately influencing the success of the transplant?","The enzymatic pathway in question involves the UDP glucuronosyltransferase family, specifically member A9 (UGT1A9). This enzyme is crucial for the glucuronidation of mycophenolic acid, an immunosuppressive drug used to prevent kidney transplant rejection. Effective metabolism of mycophenolic acid by UGT1A9 helps maintain therapeutic drug levels, which is important because this drug can influence the functioning of various ion channels, including potassium inwardly rectifying channels like potassium inwardly rectifying channel subfamily J member 11 (KIR4.1), thereby contributing to the overall success of the kidney transplant by modulating immune responses and potentially affecting vascular tone and graft function.",Scientific Validity of the Question,5. Completely valid: Perfectly aligned with current scientific understanding and uses appropriate terminology
58798,"In the context of kidney transplantation, what enzymatic pathway is crucial for the metabolism of an immunosuppressive drug, which in turn affects the functioning of a specific potassium channel, ultimately influencing the success of the transplant?","The enzymatic pathway in question involves the UDP glucuronosyltransferase family, specifically member A9 (UGT1A9). This enzyme is crucial for the glucuronidation of mycophenolic acid, an immunosuppressive drug used to prevent kidney transplant rejection. Effective metabolism of mycophenolic acid by UGT1A9 helps maintain therapeutic drug levels, which is important because this drug can influence the functioning of various ion channels, including potassium inwardly rectifying channels like potassium inwardly rectifying channel subfamily J member 11 (KIR4.1), thereby contributing to the overall success of the kidney transplant by modulating immune responses and potentially affecting vascular tone and graft function.",Scientific Validity of the Answer,3. Moderately valid: Contains minor scientific inaccuracies but the core information is correct
58798,"In the context of kidney transplantation, what enzymatic pathway is crucial for the metabolism of an immunosuppressive drug, which in turn affects the functioning of a specific potassium channel, ultimately influencing the success of the transplant?","The enzymatic pathway in question involves the UDP glucuronosyltransferase family, specifically member A9 (UGT1A9). This enzyme is crucial for the glucuronidation of mycophenolic acid, an immunosuppressive drug used to prevent kidney transplant rejection. Effective metabolism of mycophenolic acid by UGT1A9 helps maintain therapeutic drug levels, which is important because this drug can influence the functioning of various ion channels, including potassium inwardly rectifying channels like potassium inwardly rectifying channel subfamily J member 11 (KIR4.1), thereby contributing to the overall success of the kidney transplant by modulating immune responses and potentially affecting vascular tone and graft function.",Question Complexity,4. Complex: Question requiring advanced knowledge and analysis of biomedical mechanisms or relationships
58798,"In the context of kidney transplantation, what enzymatic pathway is crucial for the metabolism of an immunosuppressive drug, which in turn affects the functioning of a specific potassium channel, ultimately influencing the success of the transplant?","The enzymatic pathway in question involves the UDP glucuronosyltransferase family, specifically member A9 (UGT1A9). This enzyme is crucial for the glucuronidation of mycophenolic acid, an immunosuppressive drug used to prevent kidney transplant rejection. Effective metabolism of mycophenolic acid by UGT1A9 helps maintain therapeutic drug levels, which is important because this drug can influence the functioning of various ion channels, including potassium inwardly rectifying channels like potassium inwardly rectifying channel subfamily J member 11 (KIR4.1), thereby contributing to the overall success of the kidney transplant by modulating immune responses and potentially affecting vascular tone and graft function.",Specificity of Answer,4. Very specific: Answer is detailed and precise
58798,"In the context of kidney transplantation, what enzymatic pathway is crucial for the metabolism of an immunosuppressive drug, which in turn affects the functioning of a specific potassium channel, ultimately influencing the success of the transplant?","The enzymatic pathway in question involves the UDP glucuronosyltransferase family, specifically member A9 (UGT1A9). This enzyme is crucial for the glucuronidation of mycophenolic acid, an immunosuppressive drug used to prevent kidney transplant rejection. Effective metabolism of mycophenolic acid by UGT1A9 helps maintain therapeutic drug levels, which is important because this drug can influence the functioning of various ion channels, including potassium inwardly rectifying channels like potassium inwardly rectifying channel subfamily J member 11 (KIR4.1), thereby contributing to the overall success of the kidney transplant by modulating immune responses and potentially affecting vascular tone and graft function.",Answer Completeness,"5. Fully complete: The answer fully and comprehensively covers every aspect of the question, leaving no gaps in information."
140593,"What role might proteasome activator subunit 4 play in modulating the proteasomal degradation efficiency of APOBEC3G, an HIV replication inhibitor, and how could this impact the viral lifecycle, considering the interplay with proteasome subunits like ATPase 3 and non-ATPase 9?","Proteasome activator subunit 4 enhances proteasome activity, which is pivotal for the Vif-mediated degradation of APOBEC3G. This process, influenced by interactions with proteasome subunits (e.g., ATPase 3 and non-ATPase 9), indirectly supports the efficient removal of APOBEC3G, thus facilitating HIV replication. The efficiency of this degradation pathway can significantly impact the viral lifecycle, highlighting the complex relationship between proteasome activation and HIV's immune evasion strategies. Understanding this interplay is crucial for developing targeted therapies.",Scientific Validity of the Question,5. Completely valid: Perfectly aligned with current scientific understanding and uses appropriate terminology
140593,"What role might proteasome activator subunit 4 play in modulating the proteasomal degradation efficiency of APOBEC3G, an HIV replication inhibitor, and how could this impact the viral lifecycle, considering the interplay with proteasome subunits like ATPase 3 and non-ATPase 9?","Proteasome activator subunit 4 enhances proteasome activity, which is pivotal for the Vif-mediated degradation of APOBEC3G. This process, influenced by interactions with proteasome subunits (e.g., ATPase 3 and non-ATPase 9), indirectly supports the efficient removal of APOBEC3G, thus facilitating HIV replication. The efficiency of this degradation pathway can significantly impact the viral lifecycle, highlighting the complex relationship between proteasome activation and HIV's immune evasion strategies. Understanding this interplay is crucial for developing targeted therapies.",Scientific Validity of the Answer,"5. Completely valid: Perfectly aligned with current scientific understanding, comprehensive, and appropriately nuanced"
140593,"What role might proteasome activator subunit 4 play in modulating the proteasomal degradation efficiency of APOBEC3G, an HIV replication inhibitor, and how could this impact the viral lifecycle, considering the interplay with proteasome subunits like ATPase 3 and non-ATPase 9?","Proteasome activator subunit 4 enhances proteasome activity, which is pivotal for the Vif-mediated degradation of APOBEC3G. This process, influenced by interactions with proteasome subunits (e.g., ATPase 3 and non-ATPase 9), indirectly supports the efficient removal of APOBEC3G, thus facilitating HIV replication. The efficiency of this degradation pathway can significantly impact the viral lifecycle, highlighting the complex relationship between proteasome activation and HIV's immune evasion strategies. Understanding this interplay is crucial for developing targeted therapies.",Question Complexity,4. Complex: Question requiring advanced knowledge and analysis of biomedical mechanisms or relationships
140593,"What role might proteasome activator subunit 4 play in modulating the proteasomal degradation efficiency of APOBEC3G, an HIV replication inhibitor, and how could this impact the viral lifecycle, considering the interplay with proteasome subunits like ATPase 3 and non-ATPase 9?","Proteasome activator subunit 4 enhances proteasome activity, which is pivotal for the Vif-mediated degradation of APOBEC3G. This process, influenced by interactions with proteasome subunits (e.g., ATPase 3 and non-ATPase 9), indirectly supports the efficient removal of APOBEC3G, thus facilitating HIV replication. The efficiency of this degradation pathway can significantly impact the viral lifecycle, highlighting the complex relationship between proteasome activation and HIV's immune evasion strategies. Understanding this interplay is crucial for developing targeted therapies.",Specificity of Answer,3. Appropriately specific: Answer provides the right level of detail for the question
140593,"What role might proteasome activator subunit 4 play in modulating the proteasomal degradation efficiency of APOBEC3G, an HIV replication inhibitor, and how could this impact the viral lifecycle, considering the interplay with proteasome subunits like ATPase 3 and non-ATPase 9?","Proteasome activator subunit 4 enhances proteasome activity, which is pivotal for the Vif-mediated degradation of APOBEC3G. This process, influenced by interactions with proteasome subunits (e.g., ATPase 3 and non-ATPase 9), indirectly supports the efficient removal of APOBEC3G, thus facilitating HIV replication. The efficiency of this degradation pathway can significantly impact the viral lifecycle, highlighting the complex relationship between proteasome activation and HIV's immune evasion strategies. Understanding this interplay is crucial for developing targeted therapies.",Answer Completeness,"5. Fully complete: The answer fully and comprehensively covers every aspect of the question, leaving no gaps in information."
54697,"In the context of solid organ transplantation, what immunosuppressive drug's efficacy and toxicity can be significantly influenced by variations in the cytochrome P450 system, thereby impacting graft survival and patient outcomes?","Tacrolimus. This drug is metabolized by enzymes of the cytochrome P450 family, including members of subfamily A. Variations or interactions affecting these enzymes (e.g., through the cytochrome P450, family 3, subfamily A) can significantly alter tacrolimus levels, impacting its immunosuppressive efficacy and toxicity profile. Furthermore, the drug's role in preventing rejection is crucial in the context of transplantation, where immune response modifiers like interleukin 3 play significant roles, though the direct connection here highlights the drug's metabolism as key to successful patient management.",Scientific Validity of the Question,5. Completely valid: Perfectly aligned with current scientific understanding and uses appropriate terminology
54697,"In the context of solid organ transplantation, what immunosuppressive drug's efficacy and toxicity can be significantly influenced by variations in the cytochrome P450 system, thereby impacting graft survival and patient outcomes?","Tacrolimus. This drug is metabolized by enzymes of the cytochrome P450 family, including members of subfamily A. Variations or interactions affecting these enzymes (e.g., through the cytochrome P450, family 3, subfamily A) can significantly alter tacrolimus levels, impacting its immunosuppressive efficacy and toxicity profile. Furthermore, the drug's role in preventing rejection is crucial in the context of transplantation, where immune response modifiers like interleukin 3 play significant roles, though the direct connection here highlights the drug's metabolism as key to successful patient management.",Scientific Validity of the Answer,4. Very valid: Scientifically accurate with only trivial imprecisions
54697,"In the context of solid organ transplantation, what immunosuppressive drug's efficacy and toxicity can be significantly influenced by variations in the cytochrome P450 system, thereby impacting graft survival and patient outcomes?","Tacrolimus. This drug is metabolized by enzymes of the cytochrome P450 family, including members of subfamily A. Variations or interactions affecting these enzymes (e.g., through the cytochrome P450, family 3, subfamily A) can significantly alter tacrolimus levels, impacting its immunosuppressive efficacy and toxicity profile. Furthermore, the drug's role in preventing rejection is crucial in the context of transplantation, where immune response modifiers like interleukin 3 play significant roles, though the direct connection here highlights the drug's metabolism as key to successful patient management.",Question Complexity,2. Simple: Straightforward question requiring basic understanding of biomedical concepts
54697,"In the context of solid organ transplantation, what immunosuppressive drug's efficacy and toxicity can be significantly influenced by variations in the cytochrome P450 system, thereby impacting graft survival and patient outcomes?","Tacrolimus. This drug is metabolized by enzymes of the cytochrome P450 family, including members of subfamily A. Variations or interactions affecting these enzymes (e.g., through the cytochrome P450, family 3, subfamily A) can significantly alter tacrolimus levels, impacting its immunosuppressive efficacy and toxicity profile. Furthermore, the drug's role in preventing rejection is crucial in the context of transplantation, where immune response modifiers like interleukin 3 play significant roles, though the direct connection here highlights the drug's metabolism as key to successful patient management.",Specificity of Answer,3. Appropriately specific: Answer provides the right level of detail for the question
54697,"In the context of solid organ transplantation, what immunosuppressive drug's efficacy and toxicity can be significantly influenced by variations in the cytochrome P450 system, thereby impacting graft survival and patient outcomes?","Tacrolimus. This drug is metabolized by enzymes of the cytochrome P450 family, including members of subfamily A. Variations or interactions affecting these enzymes (e.g., through the cytochrome P450, family 3, subfamily A) can significantly alter tacrolimus levels, impacting its immunosuppressive efficacy and toxicity profile. Furthermore, the drug's role in preventing rejection is crucial in the context of transplantation, where immune response modifiers like interleukin 3 play significant roles, though the direct connection here highlights the drug's metabolism as key to successful patient management.",Answer Completeness,4. Very complete: Answer addresses nearly all aspects of the question with appropriate depth and context
186762,"What non-recombinant, erythropoiesis-stimulating agent is connected to the others through a shared chemical modification?","Peginesatide, as it is a peptide-based alternative for stimulating erythropoiesis, connected to others through the use of PEGylation, highlighted by its relationship with 3,6,9,12,15,18-Hexaoxaicosane-1,20-diol in the graph.",Scientific Validity of the Question,5. Completely valid: Perfectly aligned with current scientific understanding and uses appropriate terminology
186762,"What non-recombinant, erythropoiesis-stimulating agent is connected to the others through a shared chemical modification?","Peginesatide, as it is a peptide-based alternative for stimulating erythropoiesis, connected to others through the use of PEGylation, highlighted by its relationship with 3,6,9,12,15,18-Hexaoxaicosane-1,20-diol in the graph.",Scientific Validity of the Answer,"5. Completely valid: Perfectly aligned with current scientific understanding, comprehensive, and appropriately nuanced"
186762,"What non-recombinant, erythropoiesis-stimulating agent is connected to the others through a shared chemical modification?","Peginesatide, as it is a peptide-based alternative for stimulating erythropoiesis, connected to others through the use of PEGylation, highlighted by its relationship with 3,6,9,12,15,18-Hexaoxaicosane-1,20-diol in the graph.",Question Complexity,3. Moderate: Question requiring integration of multiple biomedical concepts
186762,"What non-recombinant, erythropoiesis-stimulating agent is connected to the others through a shared chemical modification?","Peginesatide, as it is a peptide-based alternative for stimulating erythropoiesis, connected to others through the use of PEGylation, highlighted by its relationship with 3,6,9,12,15,18-Hexaoxaicosane-1,20-diol in the graph.",Specificity of Answer,4. Very specific: Answer is detailed and precise
186762,"What non-recombinant, erythropoiesis-stimulating agent is connected to the others through a shared chemical modification?","Peginesatide, as it is a peptide-based alternative for stimulating erythropoiesis, connected to others through the use of PEGylation, highlighted by its relationship with 3,6,9,12,15,18-Hexaoxaicosane-1,20-diol in the graph.",Answer Completeness,"5. Fully complete: The answer fully and comprehensively covers every aspect of the question, leaving no gaps in information."
185015,"What specific signaling pathway, related to immune response modulation, might be indirectly influenced by the SCF(Skp2)-mediated degradation of cell cycle regulators like p27/p21, and through which proteasomal components?","The TNFR2 non-canonical NF-kB pathway is likely influenced. This occurs because the proteasome's 20S beta 4 and 26S non-ATPase 4 subunits, connected to SCF(Skp2) degradation processes, process proteins signaling through TNFR2. This pathway's activation, crucial for immune and stress responses, can be modulated by the availability of key proteins, indirectly affected by SCF(Skp2) activity.",Not qualified to evaluate,I cannot evaluate this case with confidence.
158167,"In treating Human Immunodeficiency Virus (HIV) infection, what is the potential mechanistic link between the therapeutic efficacy of Lopinavir and the expression of ATP binding cassette subfamily C member 1 (ABCC1), considering the role of another therapeutic agent that also targets the same pathway as 5'-nucleotidase, cytosolic II?","The therapeutic efficacy of Lopinavir in Human Immunodeficiency Virus (HIV) infection may be influenced by its interaction with the ATP binding cassette subfamily C member 1 (ABCC1), a transporter that affects the intracellular concentration of various drugs. Notably, Peginterferon alfa-2a, which is connected to the same biochemical pathway as 5'-nucleotidase, cytosolic II, may indirectly influence this dynamic. Specifically, Peginterferon alfa-2a's antiviral and immunomodulatory effects could enhance the expression or activity of ABCC1, thereby potentially altering Lopinavir's pharmacokinetics. This interaction suggests a complex interplay where the efficacy of Lopinavir against HIV could be modulated by the presence and activity of ABCC1, possibly influenced by concurrent therapies like Peginterferon alfa-2a.",Scientific Validity of the Question,5. Completely valid: Perfectly aligned with current scientific understanding and uses appropriate terminology
158167,"In treating Human Immunodeficiency Virus (HIV) infection, what is the potential mechanistic link between the therapeutic efficacy of Lopinavir and the expression of ATP binding cassette subfamily C member 1 (ABCC1), considering the role of another therapeutic agent that also targets the same pathway as 5'-nucleotidase, cytosolic II?","The therapeutic efficacy of Lopinavir in Human Immunodeficiency Virus (HIV) infection may be influenced by its interaction with the ATP binding cassette subfamily C member 1 (ABCC1), a transporter that affects the intracellular concentration of various drugs. Notably, Peginterferon alfa-2a, which is connected to the same biochemical pathway as 5'-nucleotidase, cytosolic II, may indirectly influence this dynamic. Specifically, Peginterferon alfa-2a's antiviral and immunomodulatory effects could enhance the expression or activity of ABCC1, thereby potentially altering Lopinavir's pharmacokinetics. This interaction suggests a complex interplay where the efficacy of Lopinavir against HIV could be modulated by the presence and activity of ABCC1, possibly influenced by concurrent therapies like Peginterferon alfa-2a.",Scientific Validity of the Answer,3. Moderately valid: Contains minor scientific inaccuracies but the core information is correct
158167,"In treating Human Immunodeficiency Virus (HIV) infection, what is the potential mechanistic link between the therapeutic efficacy of Lopinavir and the expression of ATP binding cassette subfamily C member 1 (ABCC1), considering the role of another therapeutic agent that also targets the same pathway as 5'-nucleotidase, cytosolic II?","The therapeutic efficacy of Lopinavir in Human Immunodeficiency Virus (HIV) infection may be influenced by its interaction with the ATP binding cassette subfamily C member 1 (ABCC1), a transporter that affects the intracellular concentration of various drugs. Notably, Peginterferon alfa-2a, which is connected to the same biochemical pathway as 5'-nucleotidase, cytosolic II, may indirectly influence this dynamic. Specifically, Peginterferon alfa-2a's antiviral and immunomodulatory effects could enhance the expression or activity of ABCC1, thereby potentially altering Lopinavir's pharmacokinetics. This interaction suggests a complex interplay where the efficacy of Lopinavir against HIV could be modulated by the presence and activity of ABCC1, possibly influenced by concurrent therapies like Peginterferon alfa-2a.",Question Complexity,4. Complex: Question requiring advanced knowledge and analysis of biomedical mechanisms or relationships
158167,"In treating Human Immunodeficiency Virus (HIV) infection, what is the potential mechanistic link between the therapeutic efficacy of Lopinavir and the expression of ATP binding cassette subfamily C member 1 (ABCC1), considering the role of another therapeutic agent that also targets the same pathway as 5'-nucleotidase, cytosolic II?","The therapeutic efficacy of Lopinavir in Human Immunodeficiency Virus (HIV) infection may be influenced by its interaction with the ATP binding cassette subfamily C member 1 (ABCC1), a transporter that affects the intracellular concentration of various drugs. Notably, Peginterferon alfa-2a, which is connected to the same biochemical pathway as 5'-nucleotidase, cytosolic II, may indirectly influence this dynamic. Specifically, Peginterferon alfa-2a's antiviral and immunomodulatory effects could enhance the expression or activity of ABCC1, thereby potentially altering Lopinavir's pharmacokinetics. This interaction suggests a complex interplay where the efficacy of Lopinavir against HIV could be modulated by the presence and activity of ABCC1, possibly influenced by concurrent therapies like Peginterferon alfa-2a.",Specificity of Answer,3. Appropriately specific: Answer provides the right level of detail for the question
158167,"In treating Human Immunodeficiency Virus (HIV) infection, what is the potential mechanistic link between the therapeutic efficacy of Lopinavir and the expression of ATP binding cassette subfamily C member 1 (ABCC1), considering the role of another therapeutic agent that also targets the same pathway as 5'-nucleotidase, cytosolic II?","The therapeutic efficacy of Lopinavir in Human Immunodeficiency Virus (HIV) infection may be influenced by its interaction with the ATP binding cassette subfamily C member 1 (ABCC1), a transporter that affects the intracellular concentration of various drugs. Notably, Peginterferon alfa-2a, which is connected to the same biochemical pathway as 5'-nucleotidase, cytosolic II, may indirectly influence this dynamic. Specifically, Peginterferon alfa-2a's antiviral and immunomodulatory effects could enhance the expression or activity of ABCC1, thereby potentially altering Lopinavir's pharmacokinetics. This interaction suggests a complex interplay where the efficacy of Lopinavir against HIV could be modulated by the presence and activity of ABCC1, possibly influenced by concurrent therapies like Peginterferon alfa-2a.",Answer Completeness,"5. Fully complete: The answer fully and comprehensively covers every aspect of the question, leaving no gaps in information."
48584,"A patient is administered NGX267 for a rare neurological disorder. What potential side effect, related to muscle function, might the patient experience due to an unintended interaction with another drug class, which also has a connection to Sisomicin?","Neuromuscular blockade. Rationale: NGX267 is connected to Sisomicin, suggesting a relationship within the same therapeutic or drug class context. Sisomicin, an aminoglycoside antibiotic, is known for its potential to potentiate neuromuscular blockade when co-administered with other drugs that interfere with neuromuscular transmission. Given NGX267's connections to both Sisomicin and LetibotulinumtoxinA (a botulinum toxin derivative that causes neuromuscular blockade), there's a risk of enhanced neuromuscular blockade if NGX267 interacts with drugs in the same class as Sisomicin, potentially leading to increased muscle weakness or paralysis in patients.",Scientific Validity of the Question,5. Completely valid: Perfectly aligned with current scientific understanding and uses appropriate terminology
48584,"A patient is administered NGX267 for a rare neurological disorder. What potential side effect, related to muscle function, might the patient experience due to an unintended interaction with another drug class, which also has a connection to Sisomicin?","Neuromuscular blockade. Rationale: NGX267 is connected to Sisomicin, suggesting a relationship within the same therapeutic or drug class context. Sisomicin, an aminoglycoside antibiotic, is known for its potential to potentiate neuromuscular blockade when co-administered with other drugs that interfere with neuromuscular transmission. Given NGX267's connections to both Sisomicin and LetibotulinumtoxinA (a botulinum toxin derivative that causes neuromuscular blockade), there's a risk of enhanced neuromuscular blockade if NGX267 interacts with drugs in the same class as Sisomicin, potentially leading to increased muscle weakness or paralysis in patients.",Scientific Validity of the Answer,3. Moderately valid: Contains minor scientific inaccuracies but the core information is correct
48584,"A patient is administered NGX267 for a rare neurological disorder. What potential side effect, related to muscle function, might the patient experience due to an unintended interaction with another drug class, which also has a connection to Sisomicin?","Neuromuscular blockade. Rationale: NGX267 is connected to Sisomicin, suggesting a relationship within the same therapeutic or drug class context. Sisomicin, an aminoglycoside antibiotic, is known for its potential to potentiate neuromuscular blockade when co-administered with other drugs that interfere with neuromuscular transmission. Given NGX267's connections to both Sisomicin and LetibotulinumtoxinA (a botulinum toxin derivative that causes neuromuscular blockade), there's a risk of enhanced neuromuscular blockade if NGX267 interacts with drugs in the same class as Sisomicin, potentially leading to increased muscle weakness or paralysis in patients.",Question Complexity,2. Simple: Straightforward question requiring basic understanding of biomedical concepts
48584,"A patient is administered NGX267 for a rare neurological disorder. What potential side effect, related to muscle function, might the patient experience due to an unintended interaction with another drug class, which also has a connection to Sisomicin?","Neuromuscular blockade. Rationale: NGX267 is connected to Sisomicin, suggesting a relationship within the same therapeutic or drug class context. Sisomicin, an aminoglycoside antibiotic, is known for its potential to potentiate neuromuscular blockade when co-administered with other drugs that interfere with neuromuscular transmission. Given NGX267's connections to both Sisomicin and LetibotulinumtoxinA (a botulinum toxin derivative that causes neuromuscular blockade), there's a risk of enhanced neuromuscular blockade if NGX267 interacts with drugs in the same class as Sisomicin, potentially leading to increased muscle weakness or paralysis in patients.",Specificity of Answer,2. Somewhat general: Answer provides some specifics but lacks precision
48584,"A patient is administered NGX267 for a rare neurological disorder. What potential side effect, related to muscle function, might the patient experience due to an unintended interaction with another drug class, which also has a connection to Sisomicin?","Neuromuscular blockade. Rationale: NGX267 is connected to Sisomicin, suggesting a relationship within the same therapeutic or drug class context. Sisomicin, an aminoglycoside antibiotic, is known for its potential to potentiate neuromuscular blockade when co-administered with other drugs that interfere with neuromuscular transmission. Given NGX267's connections to both Sisomicin and LetibotulinumtoxinA (a botulinum toxin derivative that causes neuromuscular blockade), there's a risk of enhanced neuromuscular blockade if NGX267 interacts with drugs in the same class as Sisomicin, potentially leading to increased muscle weakness or paralysis in patients.",Answer Completeness,"5. Fully complete: The answer fully and comprehensively covers every aspect of the question, leaving no gaps in information."
225977,"How might the transcriptional activity of TP53, particularly in its influence on death receptors and ligands, relate to pyroptotic cell death in cancer, considering the involvement of tumor protein p63?","The TNF receptor superfamily member 10a is implicated in pyroptotic cell death through the TP53 pathway. TP53's transcriptional regulation of death receptors and ligands, influenced by and potentially interacting with tumor protein p63's roles, positions TNF receptor superfamily member 10a as a key mediator in this process, especially in cancer cells where such regulatory interactions are pivotal.",Scientific Validity of the Question,5. Completely valid: Perfectly aligned with current scientific understanding and uses appropriate terminology
225977,"How might the transcriptional activity of TP53, particularly in its influence on death receptors and ligands, relate to pyroptotic cell death in cancer, considering the involvement of tumor protein p63?","The TNF receptor superfamily member 10a is implicated in pyroptotic cell death through the TP53 pathway. TP53's transcriptional regulation of death receptors and ligands, influenced by and potentially interacting with tumor protein p63's roles, positions TNF receptor superfamily member 10a as a key mediator in this process, especially in cancer cells where such regulatory interactions are pivotal.",Scientific Validity of the Answer,"5. Completely valid: Perfectly aligned with current scientific understanding, comprehensive, and appropriately nuanced"
225977,"How might the transcriptional activity of TP53, particularly in its influence on death receptors and ligands, relate to pyroptotic cell death in cancer, considering the involvement of tumor protein p63?","The TNF receptor superfamily member 10a is implicated in pyroptotic cell death through the TP53 pathway. TP53's transcriptional regulation of death receptors and ligands, influenced by and potentially interacting with tumor protein p63's roles, positions TNF receptor superfamily member 10a as a key mediator in this process, especially in cancer cells where such regulatory interactions are pivotal.",Question Complexity,3. Moderate: Question requiring integration of multiple biomedical concepts
225977,"How might the transcriptional activity of TP53, particularly in its influence on death receptors and ligands, relate to pyroptotic cell death in cancer, considering the involvement of tumor protein p63?","The TNF receptor superfamily member 10a is implicated in pyroptotic cell death through the TP53 pathway. TP53's transcriptional regulation of death receptors and ligands, influenced by and potentially interacting with tumor protein p63's roles, positions TNF receptor superfamily member 10a as a key mediator in this process, especially in cancer cells where such regulatory interactions are pivotal.",Specificity of Answer,1. Too general: Answer is overly broad and lacks specific details
225977,"How might the transcriptional activity of TP53, particularly in its influence on death receptors and ligands, relate to pyroptotic cell death in cancer, considering the involvement of tumor protein p63?","The TNF receptor superfamily member 10a is implicated in pyroptotic cell death through the TP53 pathway. TP53's transcriptional regulation of death receptors and ligands, influenced by and potentially interacting with tumor protein p63's roles, positions TNF receptor superfamily member 10a as a key mediator in this process, especially in cancer cells where such regulatory interactions are pivotal.",Answer Completeness,2. Partially complete: Answer addresses some key elements but omits several important aspects of the question
14180,"Could dysfunction in centrosomal protein 43 contribute to a rare genetic disorder characterized by nephronophthisis and retinitis pigmentosa, and if so, what is it?","Yes, centrosomal protein 43 dysfunction could contribute to SENIOR-LOKEN SYNDROME 1 (SLSN1). The protein's role in interphase microtubule organization is crucial. Disruptions here, as seen with centrosomal protein alterations, can lead to the developmental and sensory abnormalities characteristic of SLSN1, highlighting the importance of centrosomal integrity in preventing such disorders.",Scientific Validity of the Question,5. Completely valid: Perfectly aligned with current scientific understanding and uses appropriate terminology
14180,"Could dysfunction in centrosomal protein 43 contribute to a rare genetic disorder characterized by nephronophthisis and retinitis pigmentosa, and if so, what is it?","Yes, centrosomal protein 43 dysfunction could contribute to SENIOR-LOKEN SYNDROME 1 (SLSN1). The protein's role in interphase microtubule organization is crucial. Disruptions here, as seen with centrosomal protein alterations, can lead to the developmental and sensory abnormalities characteristic of SLSN1, highlighting the importance of centrosomal integrity in preventing such disorders.",Scientific Validity of the Answer,4. Very valid: Scientifically accurate with only trivial imprecisions
14180,"Could dysfunction in centrosomal protein 43 contribute to a rare genetic disorder characterized by nephronophthisis and retinitis pigmentosa, and if so, what is it?","Yes, centrosomal protein 43 dysfunction could contribute to SENIOR-LOKEN SYNDROME 1 (SLSN1). The protein's role in interphase microtubule organization is crucial. Disruptions here, as seen with centrosomal protein alterations, can lead to the developmental and sensory abnormalities characteristic of SLSN1, highlighting the importance of centrosomal integrity in preventing such disorders.",Question Complexity,5. Very complex: Question requiring synthesis of specialized knowledge across multiple biomedical domains or involving cutting-edge research
14180,"Could dysfunction in centrosomal protein 43 contribute to a rare genetic disorder characterized by nephronophthisis and retinitis pigmentosa, and if so, what is it?","Yes, centrosomal protein 43 dysfunction could contribute to SENIOR-LOKEN SYNDROME 1 (SLSN1). The protein's role in interphase microtubule organization is crucial. Disruptions here, as seen with centrosomal protein alterations, can lead to the developmental and sensory abnormalities characteristic of SLSN1, highlighting the importance of centrosomal integrity in preventing such disorders.",Specificity of Answer,3. Appropriately specific: Answer provides the right level of detail for the question
14180,"Could dysfunction in centrosomal protein 43 contribute to a rare genetic disorder characterized by nephronophthisis and retinitis pigmentosa, and if so, what is it?","Yes, centrosomal protein 43 dysfunction could contribute to SENIOR-LOKEN SYNDROME 1 (SLSN1). The protein's role in interphase microtubule organization is crucial. Disruptions here, as seen with centrosomal protein alterations, can lead to the developmental and sensory abnormalities characteristic of SLSN1, highlighting the importance of centrosomal integrity in preventing such disorders.",Answer Completeness,4. Very complete: Answer addresses nearly all aspects of the question with appropriate depth and context
59290,"In therapies involving Peginterferon_alfa-2a, identify the receptor type crucial for the action of a related filgrastim, which may be used in conjunction with or have a therapeutic pathway intersecting with Polidocanol.","The Granulocyte colony-stimulating factor receptor is pivotal. This receptor is stimulated by Pegfilgrastim, a related growth factor to Peginterferon_alfa-2a, to increase neutrophil production. The connection to Polidocanol highlights the complexity of managing related conditions, potentially involving vascular access or complications where these therapies intersect.",Scientific Validity of the Question,5. Completely valid: Perfectly aligned with current scientific understanding and uses appropriate terminology
59290,"In therapies involving Peginterferon_alfa-2a, identify the receptor type crucial for the action of a related filgrastim, which may be used in conjunction with or have a therapeutic pathway intersecting with Polidocanol.","The Granulocyte colony-stimulating factor receptor is pivotal. This receptor is stimulated by Pegfilgrastim, a related growth factor to Peginterferon_alfa-2a, to increase neutrophil production. The connection to Polidocanol highlights the complexity of managing related conditions, potentially involving vascular access or complications where these therapies intersect.",Scientific Validity of the Answer,4. Very valid: Scientifically accurate with only trivial imprecisions
59290,"In therapies involving Peginterferon_alfa-2a, identify the receptor type crucial for the action of a related filgrastim, which may be used in conjunction with or have a therapeutic pathway intersecting with Polidocanol.","The Granulocyte colony-stimulating factor receptor is pivotal. This receptor is stimulated by Pegfilgrastim, a related growth factor to Peginterferon_alfa-2a, to increase neutrophil production. The connection to Polidocanol highlights the complexity of managing related conditions, potentially involving vascular access or complications where these therapies intersect.",Question Complexity,3. Moderate: Question requiring integration of multiple biomedical concepts
59290,"In therapies involving Peginterferon_alfa-2a, identify the receptor type crucial for the action of a related filgrastim, which may be used in conjunction with or have a therapeutic pathway intersecting with Polidocanol.","The Granulocyte colony-stimulating factor receptor is pivotal. This receptor is stimulated by Pegfilgrastim, a related growth factor to Peginterferon_alfa-2a, to increase neutrophil production. The connection to Polidocanol highlights the complexity of managing related conditions, potentially involving vascular access or complications where these therapies intersect.",Specificity of Answer,2. Somewhat general: Answer provides some specifics but lacks precision
59290,"In therapies involving Peginterferon_alfa-2a, identify the receptor type crucial for the action of a related filgrastim, which may be used in conjunction with or have a therapeutic pathway intersecting with Polidocanol.","The Granulocyte colony-stimulating factor receptor is pivotal. This receptor is stimulated by Pegfilgrastim, a related growth factor to Peginterferon_alfa-2a, to increase neutrophil production. The connection to Polidocanol highlights the complexity of managing related conditions, potentially involving vascular access or complications where these therapies intersect.",Answer Completeness,3. Moderately complete: Answer covers most critical elements but lacks some details or supporting points
203446,"In the context of transplantation, what immunosuppressive drug's metabolism, influenced by both cytochrome P450 enzymes and ATP-binding cassette transporters, could potentially lead to toxic liver disease as a side effect?","Tacrolimus is the immunosuppressive drug in question. Its metabolism is indeed influenced by enzymes of the cytochrome P450 family, such as those from subfamily 2 subfamily E member 1, which can affect its blood levels. Additionally, the drug's efflux from cells is influenced by ATP-binding cassette transporters, like subfamily C member 8. Variability in the activity of these enzymes and transporters among individuals can lead to elevated tacrolimus levels, increasing the risk of toxic side effects, including toxic liver disease, especially in the context of organ transplantation where drug monitoring is crucial.",Scientific Validity of the Question,5. Completely valid: Perfectly aligned with current scientific understanding and uses appropriate terminology
203446,"In the context of transplantation, what immunosuppressive drug's metabolism, influenced by both cytochrome P450 enzymes and ATP-binding cassette transporters, could potentially lead to toxic liver disease as a side effect?","Tacrolimus is the immunosuppressive drug in question. Its metabolism is indeed influenced by enzymes of the cytochrome P450 family, such as those from subfamily 2 subfamily E member 1, which can affect its blood levels. Additionally, the drug's efflux from cells is influenced by ATP-binding cassette transporters, like subfamily C member 8. Variability in the activity of these enzymes and transporters among individuals can lead to elevated tacrolimus levels, increasing the risk of toxic side effects, including toxic liver disease, especially in the context of organ transplantation where drug monitoring is crucial.",Scientific Validity of the Answer,3. Moderately valid: Contains minor scientific inaccuracies but the core information is correct
203446,"In the context of transplantation, what immunosuppressive drug's metabolism, influenced by both cytochrome P450 enzymes and ATP-binding cassette transporters, could potentially lead to toxic liver disease as a side effect?","Tacrolimus is the immunosuppressive drug in question. Its metabolism is indeed influenced by enzymes of the cytochrome P450 family, such as those from subfamily 2 subfamily E member 1, which can affect its blood levels. Additionally, the drug's efflux from cells is influenced by ATP-binding cassette transporters, like subfamily C member 8. Variability in the activity of these enzymes and transporters among individuals can lead to elevated tacrolimus levels, increasing the risk of toxic side effects, including toxic liver disease, especially in the context of organ transplantation where drug monitoring is crucial.",Question Complexity,2. Simple: Straightforward question requiring basic understanding of biomedical concepts
203446,"In the context of transplantation, what immunosuppressive drug's metabolism, influenced by both cytochrome P450 enzymes and ATP-binding cassette transporters, could potentially lead to toxic liver disease as a side effect?","Tacrolimus is the immunosuppressive drug in question. Its metabolism is indeed influenced by enzymes of the cytochrome P450 family, such as those from subfamily 2 subfamily E member 1, which can affect its blood levels. Additionally, the drug's efflux from cells is influenced by ATP-binding cassette transporters, like subfamily C member 8. Variability in the activity of these enzymes and transporters among individuals can lead to elevated tacrolimus levels, increasing the risk of toxic side effects, including toxic liver disease, especially in the context of organ transplantation where drug monitoring is crucial.",Specificity of Answer,4. Very specific: Answer is detailed and precise
203446,"In the context of transplantation, what immunosuppressive drug's metabolism, influenced by both cytochrome P450 enzymes and ATP-binding cassette transporters, could potentially lead to toxic liver disease as a side effect?","Tacrolimus is the immunosuppressive drug in question. Its metabolism is indeed influenced by enzymes of the cytochrome P450 family, such as those from subfamily 2 subfamily E member 1, which can affect its blood levels. Additionally, the drug's efflux from cells is influenced by ATP-binding cassette transporters, like subfamily C member 8. Variability in the activity of these enzymes and transporters among individuals can lead to elevated tacrolimus levels, increasing the risk of toxic side effects, including toxic liver disease, especially in the context of organ transplantation where drug monitoring is crucial.",Answer Completeness,"5. Fully complete: The answer fully and comprehensively covers every aspect of the question, leaving no gaps in information."
53119,"Given the phenotypic similarities between Robinow Syndrome and OFD1, what specific type of kidney malformation might individuals with Robinow Syndrome be predisposed to, based on the known renal anomalies associated with OFD1?","Individuals with Robinow Syndrome may have an increased risk of developing multicystic kidney dysplasia. This inference is drawn from the connection to OFD1, which is known for its association with various renal malformations, including multicystic kidney dysplasia. The shared developmental pathways between the two syndromes suggest a potential genetic predisposition to such kidney abnormalities in Robinow Syndrome patients.",Scientific Validity of the Question,5. Completely valid: Perfectly aligned with current scientific understanding and uses appropriate terminology
53119,"Given the phenotypic similarities between Robinow Syndrome and OFD1, what specific type of kidney malformation might individuals with Robinow Syndrome be predisposed to, based on the known renal anomalies associated with OFD1?","Individuals with Robinow Syndrome may have an increased risk of developing multicystic kidney dysplasia. This inference is drawn from the connection to OFD1, which is known for its association with various renal malformations, including multicystic kidney dysplasia. The shared developmental pathways between the two syndromes suggest a potential genetic predisposition to such kidney abnormalities in Robinow Syndrome patients.",Scientific Validity of the Answer,"5. Completely valid: Perfectly aligned with current scientific understanding, comprehensive, and appropriately nuanced"
53119,"Given the phenotypic similarities between Robinow Syndrome and OFD1, what specific type of kidney malformation might individuals with Robinow Syndrome be predisposed to, based on the known renal anomalies associated with OFD1?","Individuals with Robinow Syndrome may have an increased risk of developing multicystic kidney dysplasia. This inference is drawn from the connection to OFD1, which is known for its association with various renal malformations, including multicystic kidney dysplasia. The shared developmental pathways between the two syndromes suggest a potential genetic predisposition to such kidney abnormalities in Robinow Syndrome patients.",Question Complexity,3. Moderate: Question requiring integration of multiple biomedical concepts
53119,"Given the phenotypic similarities between Robinow Syndrome and OFD1, what specific type of kidney malformation might individuals with Robinow Syndrome be predisposed to, based on the known renal anomalies associated with OFD1?","Individuals with Robinow Syndrome may have an increased risk of developing multicystic kidney dysplasia. This inference is drawn from the connection to OFD1, which is known for its association with various renal malformations, including multicystic kidney dysplasia. The shared developmental pathways between the two syndromes suggest a potential genetic predisposition to such kidney abnormalities in Robinow Syndrome patients.",Specificity of Answer,3. Appropriately specific: Answer provides the right level of detail for the question
53119,"Given the phenotypic similarities between Robinow Syndrome and OFD1, what specific type of kidney malformation might individuals with Robinow Syndrome be predisposed to, based on the known renal anomalies associated with OFD1?","Individuals with Robinow Syndrome may have an increased risk of developing multicystic kidney dysplasia. This inference is drawn from the connection to OFD1, which is known for its association with various renal malformations, including multicystic kidney dysplasia. The shared developmental pathways between the two syndromes suggest a potential genetic predisposition to such kidney abnormalities in Robinow Syndrome patients.",Answer Completeness,"5. Fully complete: The answer fully and comprehensively covers every aspect of the question, leaving no gaps in information."
79661,"In the context of ethanol-induced hyperkinetic syndrome, what solute carrier's altered function might underlie changes in pain sensitivity, and how does ethanol exposure influence this carrier's activity?","The solute carrier family 6 member 4 is key in this scenario. Ethanol exposure can downregulate this carrier, impacting the transport of neurotransmitters like serotonin and GABA, which are crucial for pain modulation. This downregulation, in conjunction with ethanol's known effects on enhancing dopamine signaling via dopamine receptor D4, may exacerbate hyperkinetic symptoms while altering pain perception thresholds.",Scientific Validity of the Question,5. Completely valid: Perfectly aligned with current scientific understanding and uses appropriate terminology
79661,"In the context of ethanol-induced hyperkinetic syndrome, what solute carrier's altered function might underlie changes in pain sensitivity, and how does ethanol exposure influence this carrier's activity?","The solute carrier family 6 member 4 is key in this scenario. Ethanol exposure can downregulate this carrier, impacting the transport of neurotransmitters like serotonin and GABA, which are crucial for pain modulation. This downregulation, in conjunction with ethanol's known effects on enhancing dopamine signaling via dopamine receptor D4, may exacerbate hyperkinetic symptoms while altering pain perception thresholds.",Scientific Validity of the Answer,3. Moderately valid: Contains minor scientific inaccuracies but the core information is correct
79661,"In the context of ethanol-induced hyperkinetic syndrome, what solute carrier's altered function might underlie changes in pain sensitivity, and how does ethanol exposure influence this carrier's activity?","The solute carrier family 6 member 4 is key in this scenario. Ethanol exposure can downregulate this carrier, impacting the transport of neurotransmitters like serotonin and GABA, which are crucial for pain modulation. This downregulation, in conjunction with ethanol's known effects on enhancing dopamine signaling via dopamine receptor D4, may exacerbate hyperkinetic symptoms while altering pain perception thresholds.",Question Complexity,3. Moderate: Question requiring integration of multiple biomedical concepts
79661,"In the context of ethanol-induced hyperkinetic syndrome, what solute carrier's altered function might underlie changes in pain sensitivity, and how does ethanol exposure influence this carrier's activity?","The solute carrier family 6 member 4 is key in this scenario. Ethanol exposure can downregulate this carrier, impacting the transport of neurotransmitters like serotonin and GABA, which are crucial for pain modulation. This downregulation, in conjunction with ethanol's known effects on enhancing dopamine signaling via dopamine receptor D4, may exacerbate hyperkinetic symptoms while altering pain perception thresholds.",Specificity of Answer,3. Appropriately specific: Answer provides the right level of detail for the question
79661,"In the context of ethanol-induced hyperkinetic syndrome, what solute carrier's altered function might underlie changes in pain sensitivity, and how does ethanol exposure influence this carrier's activity?","The solute carrier family 6 member 4 is key in this scenario. Ethanol exposure can downregulate this carrier, impacting the transport of neurotransmitters like serotonin and GABA, which are crucial for pain modulation. This downregulation, in conjunction with ethanol's known effects on enhancing dopamine signaling via dopamine receptor D4, may exacerbate hyperkinetic symptoms while altering pain perception thresholds.",Answer Completeness,"5. Fully complete: The answer fully and comprehensively covers every aspect of the question, leaving no gaps in information."
41222,"Considering the pharmacokinetic enhancements offered by pegylation, as seen with Pegfilgrastim, what potential therapeutic application might a similarly modified drug have in managing conditions characterized by impaired coagulation?","A drug with a pegylation modification similar to Pegfilgrastim could be utilized in treating bleeding episodes associated with hemophilia or other coagulopathies, akin to Eptacog alfa pegol (activated). The pegylation would likely enhance the drug's half-life, providing sustained coagulant activity. This application leverages the pegylation's ability to reduce immunogenicity and increase the circulating half-life of therapeutic proteins, such as coagulation factors.",Scientific Validity of the Question,5. Completely valid: Perfectly aligned with current scientific understanding and uses appropriate terminology
41222,"Considering the pharmacokinetic enhancements offered by pegylation, as seen with Pegfilgrastim, what potential therapeutic application might a similarly modified drug have in managing conditions characterized by impaired coagulation?","A drug with a pegylation modification similar to Pegfilgrastim could be utilized in treating bleeding episodes associated with hemophilia or other coagulopathies, akin to Eptacog alfa pegol (activated). The pegylation would likely enhance the drug's half-life, providing sustained coagulant activity. This application leverages the pegylation's ability to reduce immunogenicity and increase the circulating half-life of therapeutic proteins, such as coagulation factors.",Scientific Validity of the Answer,"5. Completely valid: Perfectly aligned with current scientific understanding, comprehensive, and appropriately nuanced"
41222,"Considering the pharmacokinetic enhancements offered by pegylation, as seen with Pegfilgrastim, what potential therapeutic application might a similarly modified drug have in managing conditions characterized by impaired coagulation?","A drug with a pegylation modification similar to Pegfilgrastim could be utilized in treating bleeding episodes associated with hemophilia or other coagulopathies, akin to Eptacog alfa pegol (activated). The pegylation would likely enhance the drug's half-life, providing sustained coagulant activity. This application leverages the pegylation's ability to reduce immunogenicity and increase the circulating half-life of therapeutic proteins, such as coagulation factors.",Question Complexity,3. Moderate: Question requiring integration of multiple biomedical concepts
41222,"Considering the pharmacokinetic enhancements offered by pegylation, as seen with Pegfilgrastim, what potential therapeutic application might a similarly modified drug have in managing conditions characterized by impaired coagulation?","A drug with a pegylation modification similar to Pegfilgrastim could be utilized in treating bleeding episodes associated with hemophilia or other coagulopathies, akin to Eptacog alfa pegol (activated). The pegylation would likely enhance the drug's half-life, providing sustained coagulant activity. This application leverages the pegylation's ability to reduce immunogenicity and increase the circulating half-life of therapeutic proteins, such as coagulation factors.",Specificity of Answer,3. Appropriately specific: Answer provides the right level of detail for the question
41222,"Considering the pharmacokinetic enhancements offered by pegylation, as seen with Pegfilgrastim, what potential therapeutic application might a similarly modified drug have in managing conditions characterized by impaired coagulation?","A drug with a pegylation modification similar to Pegfilgrastim could be utilized in treating bleeding episodes associated with hemophilia or other coagulopathies, akin to Eptacog alfa pegol (activated). The pegylation would likely enhance the drug's half-life, providing sustained coagulant activity. This application leverages the pegylation's ability to reduce immunogenicity and increase the circulating half-life of therapeutic proteins, such as coagulation factors.",Answer Completeness,"5. Fully complete: The answer fully and comprehensively covers every aspect of the question, leaving no gaps in information."
233909,"Considering the biochemical modification strategies employed in drugs like Egaptivon pegol and the enzymatic stabilization of PEG-uricase, what potential therapeutic enhancements could be applied to sclerosing agents like Polidocanol?","The application of polyethylene glycol (PEG) conjugation, as observed in PEG-uricase, could enhance the pharmacokinetic profile of Polidocanol. This strategy, also potentially shared with Egaptivon pegol, might improve the stability and efficacy of Polidocanol in sclerotherapy, offering a novel therapeutic approach by leveraging advanced drug delivery systems.",Scientific Validity of the Question,5. Completely valid: Perfectly aligned with current scientific understanding and uses appropriate terminology
233909,"Considering the biochemical modification strategies employed in drugs like Egaptivon pegol and the enzymatic stabilization of PEG-uricase, what potential therapeutic enhancements could be applied to sclerosing agents like Polidocanol?","The application of polyethylene glycol (PEG) conjugation, as observed in PEG-uricase, could enhance the pharmacokinetic profile of Polidocanol. This strategy, also potentially shared with Egaptivon pegol, might improve the stability and efficacy of Polidocanol in sclerotherapy, offering a novel therapeutic approach by leveraging advanced drug delivery systems.",Scientific Validity of the Answer,"5. Completely valid: Perfectly aligned with current scientific understanding, comprehensive, and appropriately nuanced"
233909,"Considering the biochemical modification strategies employed in drugs like Egaptivon pegol and the enzymatic stabilization of PEG-uricase, what potential therapeutic enhancements could be applied to sclerosing agents like Polidocanol?","The application of polyethylene glycol (PEG) conjugation, as observed in PEG-uricase, could enhance the pharmacokinetic profile of Polidocanol. This strategy, also potentially shared with Egaptivon pegol, might improve the stability and efficacy of Polidocanol in sclerotherapy, offering a novel therapeutic approach by leveraging advanced drug delivery systems.",Question Complexity,3. Moderate: Question requiring integration of multiple biomedical concepts
233909,"Considering the biochemical modification strategies employed in drugs like Egaptivon pegol and the enzymatic stabilization of PEG-uricase, what potential therapeutic enhancements could be applied to sclerosing agents like Polidocanol?","The application of polyethylene glycol (PEG) conjugation, as observed in PEG-uricase, could enhance the pharmacokinetic profile of Polidocanol. This strategy, also potentially shared with Egaptivon pegol, might improve the stability and efficacy of Polidocanol in sclerotherapy, offering a novel therapeutic approach by leveraging advanced drug delivery systems.",Specificity of Answer,1. Too general: Answer is overly broad and lacks specific details
233909,"Considering the biochemical modification strategies employed in drugs like Egaptivon pegol and the enzymatic stabilization of PEG-uricase, what potential therapeutic enhancements could be applied to sclerosing agents like Polidocanol?","The application of polyethylene glycol (PEG) conjugation, as observed in PEG-uricase, could enhance the pharmacokinetic profile of Polidocanol. This strategy, also potentially shared with Egaptivon pegol, might improve the stability and efficacy of Polidocanol in sclerotherapy, offering a novel therapeutic approach by leveraging advanced drug delivery systems.",Answer Completeness,2. Partially complete: Answer addresses some key elements but omits several important aspects of the question
55896,"In the treatment of gout or hyperuricemia, what pegylated enzyme might be used in conjunction with peginterferon alfa-2b to manage a specific metabolic byproduct, considering their shared therapeutic enhancement strategies?","PEG-uricase is the enzyme that could be used in conjunction with peginterferon alfa-2b. PEG-uricase is a pegylated form of uricase, used to manage hyperuricemia by catalyzing the breakdown of uric acid into allantoin, which is more soluble and easily excreted. The pegylation of uricase, similar to peginterferon alfa-2b, enhances its half-life and reduces immunogenicity, making it a compatible therapeutic adjunct in treatments where managing uric acid levels is crucial, alongside the immunomodulatory effects of interferon.",Scientific Validity of the Question,5. Completely valid: Perfectly aligned with current scientific understanding and uses appropriate terminology
55896,"In the treatment of gout or hyperuricemia, what pegylated enzyme might be used in conjunction with peginterferon alfa-2b to manage a specific metabolic byproduct, considering their shared therapeutic enhancement strategies?","PEG-uricase is the enzyme that could be used in conjunction with peginterferon alfa-2b. PEG-uricase is a pegylated form of uricase, used to manage hyperuricemia by catalyzing the breakdown of uric acid into allantoin, which is more soluble and easily excreted. The pegylation of uricase, similar to peginterferon alfa-2b, enhances its half-life and reduces immunogenicity, making it a compatible therapeutic adjunct in treatments where managing uric acid levels is crucial, alongside the immunomodulatory effects of interferon.",Scientific Validity of the Answer,"5. Completely valid: Perfectly aligned with current scientific understanding, comprehensive, and appropriately nuanced"
55896,"In the treatment of gout or hyperuricemia, what pegylated enzyme might be used in conjunction with peginterferon alfa-2b to manage a specific metabolic byproduct, considering their shared therapeutic enhancement strategies?","PEG-uricase is the enzyme that could be used in conjunction with peginterferon alfa-2b. PEG-uricase is a pegylated form of uricase, used to manage hyperuricemia by catalyzing the breakdown of uric acid into allantoin, which is more soluble and easily excreted. The pegylation of uricase, similar to peginterferon alfa-2b, enhances its half-life and reduces immunogenicity, making it a compatible therapeutic adjunct in treatments where managing uric acid levels is crucial, alongside the immunomodulatory effects of interferon.",Question Complexity,3. Moderate: Question requiring integration of multiple biomedical concepts
55896,"In the treatment of gout or hyperuricemia, what pegylated enzyme might be used in conjunction with peginterferon alfa-2b to manage a specific metabolic byproduct, considering their shared therapeutic enhancement strategies?","PEG-uricase is the enzyme that could be used in conjunction with peginterferon alfa-2b. PEG-uricase is a pegylated form of uricase, used to manage hyperuricemia by catalyzing the breakdown of uric acid into allantoin, which is more soluble and easily excreted. The pegylation of uricase, similar to peginterferon alfa-2b, enhances its half-life and reduces immunogenicity, making it a compatible therapeutic adjunct in treatments where managing uric acid levels is crucial, alongside the immunomodulatory effects of interferon.",Specificity of Answer,"5. Highly specific: Answer provides exceptional detail and precision, including quantitative data when appropriate"
55896,"In the treatment of gout or hyperuricemia, what pegylated enzyme might be used in conjunction with peginterferon alfa-2b to manage a specific metabolic byproduct, considering their shared therapeutic enhancement strategies?","PEG-uricase is the enzyme that could be used in conjunction with peginterferon alfa-2b. PEG-uricase is a pegylated form of uricase, used to manage hyperuricemia by catalyzing the breakdown of uric acid into allantoin, which is more soluble and easily excreted. The pegylation of uricase, similar to peginterferon alfa-2b, enhances its half-life and reduces immunogenicity, making it a compatible therapeutic adjunct in treatments where managing uric acid levels is crucial, alongside the immunomodulatory effects of interferon.",Answer Completeness,"5. Fully complete: The answer fully and comprehensively covers every aspect of the question, leaving no gaps in information."
152120,"Considering the role of epigenetic marks in aging, how might specific mutations in the H3 clustered histone 7 structure potentially contribute to the induction of senescence in cells, and what key regulatory pathways might be involved?","Mutations in H3 clustered histone 7 can disrupt normal DNA methylation patterns, which in turn may alter the activity of chromatin remodeling complexes associated with E1A binding protein p400. This disruption can increase the cell's susceptibility to DNA damage and telomere stress by compromising chromatin's protective functions, ultimately leading to the induction of senescence as a cellular response to persistent genomic instability.",Not qualified to evaluate,I cannot evaluate this case with confidence.
236514,"How might anomalies in multiple ribosomal proteins (e.g., L3, L19, L22, L27) impact mRNA quality control in cells, potentially leading to the degradation of aberrant transcripts?","Anomalies in these ribosomal proteins can cause ribosomal stalling during translation, which is likely to trigger Nonsense Mediated Decay (NMD) pathways. This process, independent of the Exon Junction Complex (EJC), ensures the degradation of aberrant mRNAs, preventing the translation of potentially harmful, truncated proteins and thus maintaining genomic stability.",Scientific Validity of the Question,5. Completely valid: Perfectly aligned with current scientific understanding and uses appropriate terminology
236514,"How might anomalies in multiple ribosomal proteins (e.g., L3, L19, L22, L27) impact mRNA quality control in cells, potentially leading to the degradation of aberrant transcripts?","Anomalies in these ribosomal proteins can cause ribosomal stalling during translation, which is likely to trigger Nonsense Mediated Decay (NMD) pathways. This process, independent of the Exon Junction Complex (EJC), ensures the degradation of aberrant mRNAs, preventing the translation of potentially harmful, truncated proteins and thus maintaining genomic stability.",Scientific Validity of the Answer,3. Moderately valid: Contains minor scientific inaccuracies but the core information is correct
236514,"How might anomalies in multiple ribosomal proteins (e.g., L3, L19, L22, L27) impact mRNA quality control in cells, potentially leading to the degradation of aberrant transcripts?","Anomalies in these ribosomal proteins can cause ribosomal stalling during translation, which is likely to trigger Nonsense Mediated Decay (NMD) pathways. This process, independent of the Exon Junction Complex (EJC), ensures the degradation of aberrant mRNAs, preventing the translation of potentially harmful, truncated proteins and thus maintaining genomic stability.",Question Complexity,2. Simple: Straightforward question requiring basic understanding of biomedical concepts
236514,"How might anomalies in multiple ribosomal proteins (e.g., L3, L19, L22, L27) impact mRNA quality control in cells, potentially leading to the degradation of aberrant transcripts?","Anomalies in these ribosomal proteins can cause ribosomal stalling during translation, which is likely to trigger Nonsense Mediated Decay (NMD) pathways. This process, independent of the Exon Junction Complex (EJC), ensures the degradation of aberrant mRNAs, preventing the translation of potentially harmful, truncated proteins and thus maintaining genomic stability.",Specificity of Answer,2. Somewhat general: Answer provides some specifics but lacks precision
236514,"How might anomalies in multiple ribosomal proteins (e.g., L3, L19, L22, L27) impact mRNA quality control in cells, potentially leading to the degradation of aberrant transcripts?","Anomalies in these ribosomal proteins can cause ribosomal stalling during translation, which is likely to trigger Nonsense Mediated Decay (NMD) pathways. This process, independent of the Exon Junction Complex (EJC), ensures the degradation of aberrant mRNAs, preventing the translation of potentially harmful, truncated proteins and thus maintaining genomic stability.",Answer Completeness,3. Moderately complete: Answer covers most critical elements but lacks some details or supporting points
40590,"For patients with treatment-resistant depressive disorder, what serotonin-targeting antidepressant with a distinct mechanism of action, involving the 5-hydroxytryptamine system and neurotransmitter transport, might be considered as an alternative to tricyclic antidepressants like Amitriptyline?","Vortioxetine is a suitable alternative for treating depressive disorder in such cases. As a serotonin modulator and stimulator (SMS), it acts on the 5-hydroxytryptamine receptor 2A and influences neurotransmitter transport via solute carriers like the solute carrier family 6 member 4, offering a different pharmacological profile compared to Amitriptyline, potentially benefiting patients who have not responded adequately to tricyclic antidepressants.",Scientific Validity of the Question,5. Completely valid: Perfectly aligned with current scientific understanding and uses appropriate terminology
40590,"For patients with treatment-resistant depressive disorder, what serotonin-targeting antidepressant with a distinct mechanism of action, involving the 5-hydroxytryptamine system and neurotransmitter transport, might be considered as an alternative to tricyclic antidepressants like Amitriptyline?","Vortioxetine is a suitable alternative for treating depressive disorder in such cases. As a serotonin modulator and stimulator (SMS), it acts on the 5-hydroxytryptamine receptor 2A and influences neurotransmitter transport via solute carriers like the solute carrier family 6 member 4, offering a different pharmacological profile compared to Amitriptyline, potentially benefiting patients who have not responded adequately to tricyclic antidepressants.",Scientific Validity of the Answer,"5. Completely valid: Perfectly aligned with current scientific understanding, comprehensive, and appropriately nuanced"
40590,"For patients with treatment-resistant depressive disorder, what serotonin-targeting antidepressant with a distinct mechanism of action, involving the 5-hydroxytryptamine system and neurotransmitter transport, might be considered as an alternative to tricyclic antidepressants like Amitriptyline?","Vortioxetine is a suitable alternative for treating depressive disorder in such cases. As a serotonin modulator and stimulator (SMS), it acts on the 5-hydroxytryptamine receptor 2A and influences neurotransmitter transport via solute carriers like the solute carrier family 6 member 4, offering a different pharmacological profile compared to Amitriptyline, potentially benefiting patients who have not responded adequately to tricyclic antidepressants.",Question Complexity,2. Simple: Straightforward question requiring basic understanding of biomedical concepts
40590,"For patients with treatment-resistant depressive disorder, what serotonin-targeting antidepressant with a distinct mechanism of action, involving the 5-hydroxytryptamine system and neurotransmitter transport, might be considered as an alternative to tricyclic antidepressants like Amitriptyline?","Vortioxetine is a suitable alternative for treating depressive disorder in such cases. As a serotonin modulator and stimulator (SMS), it acts on the 5-hydroxytryptamine receptor 2A and influences neurotransmitter transport via solute carriers like the solute carrier family 6 member 4, offering a different pharmacological profile compared to Amitriptyline, potentially benefiting patients who have not responded adequately to tricyclic antidepressants.",Specificity of Answer,4. Very specific: Answer is detailed and precise
40590,"For patients with treatment-resistant depressive disorder, what serotonin-targeting antidepressant with a distinct mechanism of action, involving the 5-hydroxytryptamine system and neurotransmitter transport, might be considered as an alternative to tricyclic antidepressants like Amitriptyline?","Vortioxetine is a suitable alternative for treating depressive disorder in such cases. As a serotonin modulator and stimulator (SMS), it acts on the 5-hydroxytryptamine receptor 2A and influences neurotransmitter transport via solute carriers like the solute carrier family 6 member 4, offering a different pharmacological profile compared to Amitriptyline, potentially benefiting patients who have not responded adequately to tricyclic antidepressants.",Answer Completeness,4. Very complete: Answer addresses nearly all aspects of the question with appropriate depth and context
51722,"Considering the network of pegylated therapeutic agents, identify an erythropoiesis-stimulating agent that, through its connections to other pegylated compounds, may have implications for pulmonary toxicity.","Methoxy_polyethylene_glycol-epoetin_beta. This agent's connection to Peginterferon_alfa-2b and Pegamotecan via Egaptivon pegol in the graph suggests a potential pharmacokinetic profile that could influence its safety, including pulmonary toxicity risks, warranting further clinical investigation.",Scientific Validity of the Question,5. Completely valid: Perfectly aligned with current scientific understanding and uses appropriate terminology
51722,"Considering the network of pegylated therapeutic agents, identify an erythropoiesis-stimulating agent that, through its connections to other pegylated compounds, may have implications for pulmonary toxicity.","Methoxy_polyethylene_glycol-epoetin_beta. This agent's connection to Peginterferon_alfa-2b and Pegamotecan via Egaptivon pegol in the graph suggests a potential pharmacokinetic profile that could influence its safety, including pulmonary toxicity risks, warranting further clinical investigation.",Scientific Validity of the Answer,4. Very valid: Scientifically accurate with only trivial imprecisions
51722,"Considering the network of pegylated therapeutic agents, identify an erythropoiesis-stimulating agent that, through its connections to other pegylated compounds, may have implications for pulmonary toxicity.","Methoxy_polyethylene_glycol-epoetin_beta. This agent's connection to Peginterferon_alfa-2b and Pegamotecan via Egaptivon pegol in the graph suggests a potential pharmacokinetic profile that could influence its safety, including pulmonary toxicity risks, warranting further clinical investigation.",Question Complexity,4. Complex: Question requiring advanced knowledge and analysis of biomedical mechanisms or relationships
51722,"Considering the network of pegylated therapeutic agents, identify an erythropoiesis-stimulating agent that, through its connections to other pegylated compounds, may have implications for pulmonary toxicity.","Methoxy_polyethylene_glycol-epoetin_beta. This agent's connection to Peginterferon_alfa-2b and Pegamotecan via Egaptivon pegol in the graph suggests a potential pharmacokinetic profile that could influence its safety, including pulmonary toxicity risks, warranting further clinical investigation.",Specificity of Answer,3. Appropriately specific: Answer provides the right level of detail for the question
51722,"Considering the network of pegylated therapeutic agents, identify an erythropoiesis-stimulating agent that, through its connections to other pegylated compounds, may have implications for pulmonary toxicity.","Methoxy_polyethylene_glycol-epoetin_beta. This agent's connection to Peginterferon_alfa-2b and Pegamotecan via Egaptivon pegol in the graph suggests a potential pharmacokinetic profile that could influence its safety, including pulmonary toxicity risks, warranting further clinical investigation.",Answer Completeness,3. Moderately complete: Answer covers most critical elements but lacks some details or supporting points
51722,"Considering the network of pegylated therapeutic agents, identify an erythropoiesis-stimulating agent that, through its connections to other pegylated compounds, may have implications for pulmonary toxicity.","Methoxy_polyethylene_glycol-epoetin_beta. This agent's connection to Peginterferon_alfa-2b and Pegamotecan via Egaptivon pegol in the graph suggests a potential pharmacokinetic profile that could influence its safety, including pulmonary toxicity risks, warranting further clinical investigation.",Comments,Frases muito complexas
40323,"In a pharmacological context, how might Neosaxitoxin influence muscle function, considering its known associations with other drugs and common excipients?","Neosaxitoxin is associated with inducing neuromuscular blockade. This effect is supported by its relationship with Neomycin, which is known for its neuromuscular blocking properties. Additionally, the connection to Magnesium_stearate is noteworthy, as magnesium ions are crucial for neuromuscular junction function. While the direct mechanism of Neosaxitoxin is distinct, its interactions suggest a potential for enhanced or modified neuromuscular blockade, particularly in formulations where magnesium stearate is used as an excipient, influencing muscle contraction dynamics.",Scientific Validity of the Question,5. Completely valid: Perfectly aligned with current scientific understanding and uses appropriate terminology
40323,"In a pharmacological context, how might Neosaxitoxin influence muscle function, considering its known associations with other drugs and common excipients?","Neosaxitoxin is associated with inducing neuromuscular blockade. This effect is supported by its relationship with Neomycin, which is known for its neuromuscular blocking properties. Additionally, the connection to Magnesium_stearate is noteworthy, as magnesium ions are crucial for neuromuscular junction function. While the direct mechanism of Neosaxitoxin is distinct, its interactions suggest a potential for enhanced or modified neuromuscular blockade, particularly in formulations where magnesium stearate is used as an excipient, influencing muscle contraction dynamics.",Scientific Validity of the Answer,2. Slightly valid: Major scientific inaccuracies mixed with some valid information
40323,"In a pharmacological context, how might Neosaxitoxin influence muscle function, considering its known associations with other drugs and common excipients?","Neosaxitoxin is associated with inducing neuromuscular blockade. This effect is supported by its relationship with Neomycin, which is known for its neuromuscular blocking properties. Additionally, the connection to Magnesium_stearate is noteworthy, as magnesium ions are crucial for neuromuscular junction function. While the direct mechanism of Neosaxitoxin is distinct, its interactions suggest a potential for enhanced or modified neuromuscular blockade, particularly in formulations where magnesium stearate is used as an excipient, influencing muscle contraction dynamics.",Question Complexity,3. Moderate: Question requiring integration of multiple biomedical concepts
40323,"In a pharmacological context, how might Neosaxitoxin influence muscle function, considering its known associations with other drugs and common excipients?","Neosaxitoxin is associated with inducing neuromuscular blockade. This effect is supported by its relationship with Neomycin, which is known for its neuromuscular blocking properties. Additionally, the connection to Magnesium_stearate is noteworthy, as magnesium ions are crucial for neuromuscular junction function. While the direct mechanism of Neosaxitoxin is distinct, its interactions suggest a potential for enhanced or modified neuromuscular blockade, particularly in formulations where magnesium stearate is used as an excipient, influencing muscle contraction dynamics.",Specificity of Answer,2. Somewhat general: Answer provides some specifics but lacks precision
40323,"In a pharmacological context, how might Neosaxitoxin influence muscle function, considering its known associations with other drugs and common excipients?","Neosaxitoxin is associated with inducing neuromuscular blockade. This effect is supported by its relationship with Neomycin, which is known for its neuromuscular blocking properties. Additionally, the connection to Magnesium_stearate is noteworthy, as magnesium ions are crucial for neuromuscular junction function. While the direct mechanism of Neosaxitoxin is distinct, its interactions suggest a potential for enhanced or modified neuromuscular blockade, particularly in formulations where magnesium stearate is used as an excipient, influencing muscle contraction dynamics.",Answer Completeness,3. Moderately complete: Answer covers most critical elements but lacks some details or supporting points
60441,"Considering the network of pharmaceuticals and components, what role might Propylene glycol play in the formulation of drugs like Pegvaliase, given its observed connections to other medications and substances?","Propylene glycol likely serves as a formulation excipient in medications such as Pegvaliase, leveraging its properties as a solvent and moisturizer. This inference is supported by its interconnectedness with Peginesatide and Pegnivacogin within the pharmaceutical network, where such connections often indicate shared formulation components. This practice is common in pharmaceutical development to enhance stability, bioavailability, or patient compliance.",Not qualified to evaluate,I cannot evaluate this case with confidence.
150469,"In the context of chemotherapy for colon cancer, a drug is administered to counteract the adverse effects of a specific chemotherapeutic agent, but the patient develops stomatitis. What is the name of this protective drug, and how does its mechanism relate to the observed side effect?","The protective drug is Leucovorin. It is used to decrease the toxic effects of methotrexate, a chemotherapy agent, by replenishing the decreased levels of tetrahydrofolate, a cofactor for thymidylate synthetase, among other enzymes. Although the direct link to selectin E is less clear, the development of stomatitis can be attributed to the overall impact of chemotherapy on rapidly dividing cells, including those in the oral mucosa. Leucovorin, while mitigating some effects, does not eliminate all risks of stomatitis, highlighting the complex interplay of chemotherapy agents, protective drugs, and patient outcomes.",Scientific Validity of the Question,5. Completely valid: Perfectly aligned with current scientific understanding and uses appropriate terminology
150469,"In the context of chemotherapy for colon cancer, a drug is administered to counteract the adverse effects of a specific chemotherapeutic agent, but the patient develops stomatitis. What is the name of this protective drug, and how does its mechanism relate to the observed side effect?","The protective drug is Leucovorin. It is used to decrease the toxic effects of methotrexate, a chemotherapy agent, by replenishing the decreased levels of tetrahydrofolate, a cofactor for thymidylate synthetase, among other enzymes. Although the direct link to selectin E is less clear, the development of stomatitis can be attributed to the overall impact of chemotherapy on rapidly dividing cells, including those in the oral mucosa. Leucovorin, while mitigating some effects, does not eliminate all risks of stomatitis, highlighting the complex interplay of chemotherapy agents, protective drugs, and patient outcomes.",Scientific Validity of the Answer,3. Moderately valid: Contains minor scientific inaccuracies but the core information is correct
150469,"In the context of chemotherapy for colon cancer, a drug is administered to counteract the adverse effects of a specific chemotherapeutic agent, but the patient develops stomatitis. What is the name of this protective drug, and how does its mechanism relate to the observed side effect?","The protective drug is Leucovorin. It is used to decrease the toxic effects of methotrexate, a chemotherapy agent, by replenishing the decreased levels of tetrahydrofolate, a cofactor for thymidylate synthetase, among other enzymes. Although the direct link to selectin E is less clear, the development of stomatitis can be attributed to the overall impact of chemotherapy on rapidly dividing cells, including those in the oral mucosa. Leucovorin, while mitigating some effects, does not eliminate all risks of stomatitis, highlighting the complex interplay of chemotherapy agents, protective drugs, and patient outcomes.",Question Complexity,3. Moderate: Question requiring integration of multiple biomedical concepts
150469,"In the context of chemotherapy for colon cancer, a drug is administered to counteract the adverse effects of a specific chemotherapeutic agent, but the patient develops stomatitis. What is the name of this protective drug, and how does its mechanism relate to the observed side effect?","The protective drug is Leucovorin. It is used to decrease the toxic effects of methotrexate, a chemotherapy agent, by replenishing the decreased levels of tetrahydrofolate, a cofactor for thymidylate synthetase, among other enzymes. Although the direct link to selectin E is less clear, the development of stomatitis can be attributed to the overall impact of chemotherapy on rapidly dividing cells, including those in the oral mucosa. Leucovorin, while mitigating some effects, does not eliminate all risks of stomatitis, highlighting the complex interplay of chemotherapy agents, protective drugs, and patient outcomes.",Specificity of Answer,4. Very specific: Answer is detailed and precise
150469,"In the context of chemotherapy for colon cancer, a drug is administered to counteract the adverse effects of a specific chemotherapeutic agent, but the patient develops stomatitis. What is the name of this protective drug, and how does its mechanism relate to the observed side effect?","The protective drug is Leucovorin. It is used to decrease the toxic effects of methotrexate, a chemotherapy agent, by replenishing the decreased levels of tetrahydrofolate, a cofactor for thymidylate synthetase, among other enzymes. Although the direct link to selectin E is less clear, the development of stomatitis can be attributed to the overall impact of chemotherapy on rapidly dividing cells, including those in the oral mucosa. Leucovorin, while mitigating some effects, does not eliminate all risks of stomatitis, highlighting the complex interplay of chemotherapy agents, protective drugs, and patient outcomes.",Answer Completeness,"5. Fully complete: The answer fully and comprehensively covers every aspect of the question, leaving no gaps in information."
51743,"In a patient with chronic kidney disease and a history of anabolic steroid use, what type of anemia treatment might share a pharmacokinetic enhancement strategy with therapies for inflammatory conditions and gout, potentially offering a therapeutic advantage?","Erythropoiesis-stimulating agents, such as peginesatide, are used to treat anemia in chronic kidney disease patients. Notably, peginesatide, like some drugs for inflammation (e.g., pegsunercept) and gout (e.g., PEG-uricase), features a pegylation modification, which is a common strategy to enhance the half-life of therapeutic proteins, thereby improving their efficacy and reducing the frequency of administration.",Scientific Validity of the Question,5. Completely valid: Perfectly aligned with current scientific understanding and uses appropriate terminology
51743,"In a patient with chronic kidney disease and a history of anabolic steroid use, what type of anemia treatment might share a pharmacokinetic enhancement strategy with therapies for inflammatory conditions and gout, potentially offering a therapeutic advantage?","Erythropoiesis-stimulating agents, such as peginesatide, are used to treat anemia in chronic kidney disease patients. Notably, peginesatide, like some drugs for inflammation (e.g., pegsunercept) and gout (e.g., PEG-uricase), features a pegylation modification, which is a common strategy to enhance the half-life of therapeutic proteins, thereby improving their efficacy and reducing the frequency of administration.",Scientific Validity of the Answer,2. Slightly valid: Major scientific inaccuracies mixed with some valid information
51743,"In a patient with chronic kidney disease and a history of anabolic steroid use, what type of anemia treatment might share a pharmacokinetic enhancement strategy with therapies for inflammatory conditions and gout, potentially offering a therapeutic advantage?","Erythropoiesis-stimulating agents, such as peginesatide, are used to treat anemia in chronic kidney disease patients. Notably, peginesatide, like some drugs for inflammation (e.g., pegsunercept) and gout (e.g., PEG-uricase), features a pegylation modification, which is a common strategy to enhance the half-life of therapeutic proteins, thereby improving their efficacy and reducing the frequency of administration.",Question Complexity,4. Complex: Question requiring advanced knowledge and analysis of biomedical mechanisms or relationships
51743,"In a patient with chronic kidney disease and a history of anabolic steroid use, what type of anemia treatment might share a pharmacokinetic enhancement strategy with therapies for inflammatory conditions and gout, potentially offering a therapeutic advantage?","Erythropoiesis-stimulating agents, such as peginesatide, are used to treat anemia in chronic kidney disease patients. Notably, peginesatide, like some drugs for inflammation (e.g., pegsunercept) and gout (e.g., PEG-uricase), features a pegylation modification, which is a common strategy to enhance the half-life of therapeutic proteins, thereby improving their efficacy and reducing the frequency of administration.",Specificity of Answer,4. Very specific: Answer is detailed and precise
51743,"In a patient with chronic kidney disease and a history of anabolic steroid use, what type of anemia treatment might share a pharmacokinetic enhancement strategy with therapies for inflammatory conditions and gout, potentially offering a therapeutic advantage?","Erythropoiesis-stimulating agents, such as peginesatide, are used to treat anemia in chronic kidney disease patients. Notably, peginesatide, like some drugs for inflammation (e.g., pegsunercept) and gout (e.g., PEG-uricase), features a pegylation modification, which is a common strategy to enhance the half-life of therapeutic proteins, thereby improving their efficacy and reducing the frequency of administration.",Answer Completeness,"5. Fully complete: The answer fully and comprehensively covers every aspect of the question, leaving no gaps in information."
51743,"In a patient with chronic kidney disease and a history of anabolic steroid use, what type of anemia treatment might share a pharmacokinetic enhancement strategy with therapies for inflammatory conditions and gout, potentially offering a therapeutic advantage?","Erythropoiesis-stimulating agents, such as peginesatide, are used to treat anemia in chronic kidney disease patients. Notably, peginesatide, like some drugs for inflammation (e.g., pegsunercept) and gout (e.g., PEG-uricase), features a pegylation modification, which is a common strategy to enhance the half-life of therapeutic proteins, thereby improving their efficacy and reducing the frequency of administration.",Comments,Desatualizado
30678,"A patient undergoing surgery requires neuromuscular blockade. Considering the mechanism of action, which naturally occurring substance, not derived from Clostridium species, could potentially serve as a model for developing novel neuromuscular blocking agents, and what is its known association with another compound in the context of neuromuscular blockade?","Neosaxitoxin, a potent neurotoxin found in certain marine dinoflagellates, could serve as a model. It is associated with Viomycin (also known as Viomycin), in that both have been studied for their potent bioactive properties, although Viomycin is an antibiotic. Notably, Neosaxitoxin's mechanism in inducing neuromuscular blockade is through the inhibition of nicotinic acetylcholine receptors at the neuromuscular junction, a pathway distinct from the Clostridium-derived toxins like LetibotulinumtoxinA, which acts by inhibiting the release of acetylcholine. This distinction makes Neosaxitoxin an interesting subject for novel drug development in this area.",Scientific Validity of the Question,5. Completely valid: Perfectly aligned with current scientific understanding and uses appropriate terminology
30678,"A patient undergoing surgery requires neuromuscular blockade. Considering the mechanism of action, which naturally occurring substance, not derived from Clostridium species, could potentially serve as a model for developing novel neuromuscular blocking agents, and what is its known association with another compound in the context of neuromuscular blockade?","Neosaxitoxin, a potent neurotoxin found in certain marine dinoflagellates, could serve as a model. It is associated with Viomycin (also known as Viomycin), in that both have been studied for their potent bioactive properties, although Viomycin is an antibiotic. Notably, Neosaxitoxin's mechanism in inducing neuromuscular blockade is through the inhibition of nicotinic acetylcholine receptors at the neuromuscular junction, a pathway distinct from the Clostridium-derived toxins like LetibotulinumtoxinA, which acts by inhibiting the release of acetylcholine. This distinction makes Neosaxitoxin an interesting subject for novel drug development in this area.",Scientific Validity of the Answer,"1. Not at all valid: Contains fundamental scientific errors, misinformation, or contradicts established knowledge"
30678,"A patient undergoing surgery requires neuromuscular blockade. Considering the mechanism of action, which naturally occurring substance, not derived from Clostridium species, could potentially serve as a model for developing novel neuromuscular blocking agents, and what is its known association with another compound in the context of neuromuscular blockade?","Neosaxitoxin, a potent neurotoxin found in certain marine dinoflagellates, could serve as a model. It is associated with Viomycin (also known as Viomycin), in that both have been studied for their potent bioactive properties, although Viomycin is an antibiotic. Notably, Neosaxitoxin's mechanism in inducing neuromuscular blockade is through the inhibition of nicotinic acetylcholine receptors at the neuromuscular junction, a pathway distinct from the Clostridium-derived toxins like LetibotulinumtoxinA, which acts by inhibiting the release of acetylcholine. This distinction makes Neosaxitoxin an interesting subject for novel drug development in this area.",Question Complexity,4. Complex: Question requiring advanced knowledge and analysis of biomedical mechanisms or relationships
30678,"A patient undergoing surgery requires neuromuscular blockade. Considering the mechanism of action, which naturally occurring substance, not derived from Clostridium species, could potentially serve as a model for developing novel neuromuscular blocking agents, and what is its known association with another compound in the context of neuromuscular blockade?","Neosaxitoxin, a potent neurotoxin found in certain marine dinoflagellates, could serve as a model. It is associated with Viomycin (also known as Viomycin), in that both have been studied for their potent bioactive properties, although Viomycin is an antibiotic. Notably, Neosaxitoxin's mechanism in inducing neuromuscular blockade is through the inhibition of nicotinic acetylcholine receptors at the neuromuscular junction, a pathway distinct from the Clostridium-derived toxins like LetibotulinumtoxinA, which acts by inhibiting the release of acetylcholine. This distinction makes Neosaxitoxin an interesting subject for novel drug development in this area.",Specificity of Answer,2. Somewhat general: Answer provides some specifics but lacks precision
30678,"A patient undergoing surgery requires neuromuscular blockade. Considering the mechanism of action, which naturally occurring substance, not derived from Clostridium species, could potentially serve as a model for developing novel neuromuscular blocking agents, and what is its known association with another compound in the context of neuromuscular blockade?","Neosaxitoxin, a potent neurotoxin found in certain marine dinoflagellates, could serve as a model. It is associated with Viomycin (also known as Viomycin), in that both have been studied for their potent bioactive properties, although Viomycin is an antibiotic. Notably, Neosaxitoxin's mechanism in inducing neuromuscular blockade is through the inhibition of nicotinic acetylcholine receptors at the neuromuscular junction, a pathway distinct from the Clostridium-derived toxins like LetibotulinumtoxinA, which acts by inhibiting the release of acetylcholine. This distinction makes Neosaxitoxin an interesting subject for novel drug development in this area.",Answer Completeness,"1. Severely incomplete: Answer is wrong or addresses only a minimal fraction of what was asked, leaving most aspects of the question unanswered"
175602,"In developing new hormonal contraceptives, what progestogen, similar to Gestodene in its pharmacodynamic profile, might be considered for its efficacy in treating conditions like dysmenorrhea, and how does its mechanism support its potential use?","Chlormadinone acetate, due to its potent progestogenic activity similar to Gestodene, could be a candidate. It modulates the progesterone receptor, which can alleviate symptoms of dysmenorrhea by inducing decidualization and atrophy of the endometrium, thereby reducing menstrual cramps and bleeding, making it a pharmacologically plausible option for contraceptive development.",Scientific Validity of the Question,5. Completely valid: Perfectly aligned with current scientific understanding and uses appropriate terminology
175602,"In developing new hormonal contraceptives, what progestogen, similar to Gestodene in its pharmacodynamic profile, might be considered for its efficacy in treating conditions like dysmenorrhea, and how does its mechanism support its potential use?","Chlormadinone acetate, due to its potent progestogenic activity similar to Gestodene, could be a candidate. It modulates the progesterone receptor, which can alleviate symptoms of dysmenorrhea by inducing decidualization and atrophy of the endometrium, thereby reducing menstrual cramps and bleeding, making it a pharmacologically plausible option for contraceptive development.",Scientific Validity of the Answer,3. Moderately valid: Contains minor scientific inaccuracies but the core information is correct
175602,"In developing new hormonal contraceptives, what progestogen, similar to Gestodene in its pharmacodynamic profile, might be considered for its efficacy in treating conditions like dysmenorrhea, and how does its mechanism support its potential use?","Chlormadinone acetate, due to its potent progestogenic activity similar to Gestodene, could be a candidate. It modulates the progesterone receptor, which can alleviate symptoms of dysmenorrhea by inducing decidualization and atrophy of the endometrium, thereby reducing menstrual cramps and bleeding, making it a pharmacologically plausible option for contraceptive development.",Question Complexity,2. Simple: Straightforward question requiring basic understanding of biomedical concepts
175602,"In developing new hormonal contraceptives, what progestogen, similar to Gestodene in its pharmacodynamic profile, might be considered for its efficacy in treating conditions like dysmenorrhea, and how does its mechanism support its potential use?","Chlormadinone acetate, due to its potent progestogenic activity similar to Gestodene, could be a candidate. It modulates the progesterone receptor, which can alleviate symptoms of dysmenorrhea by inducing decidualization and atrophy of the endometrium, thereby reducing menstrual cramps and bleeding, making it a pharmacologically plausible option for contraceptive development.",Specificity of Answer,4. Very specific: Answer is detailed and precise
175602,"In developing new hormonal contraceptives, what progestogen, similar to Gestodene in its pharmacodynamic profile, might be considered for its efficacy in treating conditions like dysmenorrhea, and how does its mechanism support its potential use?","Chlormadinone acetate, due to its potent progestogenic activity similar to Gestodene, could be a candidate. It modulates the progesterone receptor, which can alleviate symptoms of dysmenorrhea by inducing decidualization and atrophy of the endometrium, thereby reducing menstrual cramps and bleeding, making it a pharmacologically plausible option for contraceptive development.",Answer Completeness,"5. Fully complete: The answer fully and comprehensively covers every aspect of the question, leaving no gaps in information."
65220,"How might the interplay between genetic variations in immune response (e.g., MHC class II) and drug metabolism (influenced by enzymes like carboxylesterase 1) contribute to the development of toxic liver disease in patients treated for schizoaffective disorder?","Toxic liver disease can arise in these patients due to the synergistic effects of aberrant drug metabolism and immune responses. Specifically, carboxylesterase 1's metabolic activity on antipsychotic drugs can produce toxic metabolites, while genetic predispositions affecting MHC class II, DQ beta 1, may modulate the immune system's reaction to these metabolites, potentially exacerbating liver toxicity in susceptible individuals with schizoaffective disorder.",Not qualified to evaluate,I cannot evaluate this case with confidence.
111573,"A patient with hypernatraemia, being treated with Fludrocortisone, develops cataracts requiring surgery. Post-surgery, which medication, if used, would be least likely to further exacerbate any potential hormonal imbalances, such as menstruation irregularities, based on its primary use and known side effects?","Nepafenac. As a topical NSAID used post-cataract surgery for reducing inflammation, Nepafenac has a localized action with minimal systemic absorption compared to systemic steroids like Fludrocortisone. Therefore, it would be less likely to disrupt hormonal balances and contribute to menstruation irregularities, focusing instead on reducing ocular inflammation.",Scientific Validity of the Question,5. Completely valid: Perfectly aligned with current scientific understanding and uses appropriate terminology
111573,"A patient with hypernatraemia, being treated with Fludrocortisone, develops cataracts requiring surgery. Post-surgery, which medication, if used, would be least likely to further exacerbate any potential hormonal imbalances, such as menstruation irregularities, based on its primary use and known side effects?","Nepafenac. As a topical NSAID used post-cataract surgery for reducing inflammation, Nepafenac has a localized action with minimal systemic absorption compared to systemic steroids like Fludrocortisone. Therefore, it would be less likely to disrupt hormonal balances and contribute to menstruation irregularities, focusing instead on reducing ocular inflammation.",Scientific Validity of the Answer,"5. Completely valid: Perfectly aligned with current scientific understanding, comprehensive, and appropriately nuanced"
111573,"A patient with hypernatraemia, being treated with Fludrocortisone, develops cataracts requiring surgery. Post-surgery, which medication, if used, would be least likely to further exacerbate any potential hormonal imbalances, such as menstruation irregularities, based on its primary use and known side effects?","Nepafenac. As a topical NSAID used post-cataract surgery for reducing inflammation, Nepafenac has a localized action with minimal systemic absorption compared to systemic steroids like Fludrocortisone. Therefore, it would be less likely to disrupt hormonal balances and contribute to menstruation irregularities, focusing instead on reducing ocular inflammation.",Question Complexity,2. Simple: Straightforward question requiring basic understanding of biomedical concepts
111573,"A patient with hypernatraemia, being treated with Fludrocortisone, develops cataracts requiring surgery. Post-surgery, which medication, if used, would be least likely to further exacerbate any potential hormonal imbalances, such as menstruation irregularities, based on its primary use and known side effects?","Nepafenac. As a topical NSAID used post-cataract surgery for reducing inflammation, Nepafenac has a localized action with minimal systemic absorption compared to systemic steroids like Fludrocortisone. Therefore, it would be less likely to disrupt hormonal balances and contribute to menstruation irregularities, focusing instead on reducing ocular inflammation.",Specificity of Answer,3. Appropriately specific: Answer provides the right level of detail for the question
111573,"A patient with hypernatraemia, being treated with Fludrocortisone, develops cataracts requiring surgery. Post-surgery, which medication, if used, would be least likely to further exacerbate any potential hormonal imbalances, such as menstruation irregularities, based on its primary use and known side effects?","Nepafenac. As a topical NSAID used post-cataract surgery for reducing inflammation, Nepafenac has a localized action with minimal systemic absorption compared to systemic steroids like Fludrocortisone. Therefore, it would be less likely to disrupt hormonal balances and contribute to menstruation irregularities, focusing instead on reducing ocular inflammation.",Answer Completeness,"5. Fully complete: The answer fully and comprehensively covers every aspect of the question, leaving no gaps in information."
245421,"For a patient with Sotos Syndrome presenting with Phimosis, what is the rationale for considering a comorbid diagnosis of another rare genetic disorder characterized by skin fragility and photosensitivity, given the overlap in developmental and skin abnormalities?","Kindler Syndrome. The connection through Phimosis highlights shared genetic vulnerabilities. Both Sotos and Kindler Syndromes involve developmental and skin integrity issues, with Kindler Syndrome specifically presenting with photosensitivity and skin atrophy. The comorbidity risk is inferred through the Phimosis link, suggesting patients with Sotos Syndrome and this condition may have a heightened predisposition to Kindler Syndrome due to overlapping genetic factors affecting skin development and integrity.",Scientific Validity of the Question,5. Completely valid: Perfectly aligned with current scientific understanding and uses appropriate terminology
245421,"For a patient with Sotos Syndrome presenting with Phimosis, what is the rationale for considering a comorbid diagnosis of another rare genetic disorder characterized by skin fragility and photosensitivity, given the overlap in developmental and skin abnormalities?","Kindler Syndrome. The connection through Phimosis highlights shared genetic vulnerabilities. Both Sotos and Kindler Syndromes involve developmental and skin integrity issues, with Kindler Syndrome specifically presenting with photosensitivity and skin atrophy. The comorbidity risk is inferred through the Phimosis link, suggesting patients with Sotos Syndrome and this condition may have a heightened predisposition to Kindler Syndrome due to overlapping genetic factors affecting skin development and integrity.",Scientific Validity of the Answer,3. Moderately valid: Contains minor scientific inaccuracies but the core information is correct
245421,"For a patient with Sotos Syndrome presenting with Phimosis, what is the rationale for considering a comorbid diagnosis of another rare genetic disorder characterized by skin fragility and photosensitivity, given the overlap in developmental and skin abnormalities?","Kindler Syndrome. The connection through Phimosis highlights shared genetic vulnerabilities. Both Sotos and Kindler Syndromes involve developmental and skin integrity issues, with Kindler Syndrome specifically presenting with photosensitivity and skin atrophy. The comorbidity risk is inferred through the Phimosis link, suggesting patients with Sotos Syndrome and this condition may have a heightened predisposition to Kindler Syndrome due to overlapping genetic factors affecting skin development and integrity.",Question Complexity,4. Complex: Question requiring advanced knowledge and analysis of biomedical mechanisms or relationships
245421,"For a patient with Sotos Syndrome presenting with Phimosis, what is the rationale for considering a comorbid diagnosis of another rare genetic disorder characterized by skin fragility and photosensitivity, given the overlap in developmental and skin abnormalities?","Kindler Syndrome. The connection through Phimosis highlights shared genetic vulnerabilities. Both Sotos and Kindler Syndromes involve developmental and skin integrity issues, with Kindler Syndrome specifically presenting with photosensitivity and skin atrophy. The comorbidity risk is inferred through the Phimosis link, suggesting patients with Sotos Syndrome and this condition may have a heightened predisposition to Kindler Syndrome due to overlapping genetic factors affecting skin development and integrity.",Specificity of Answer,3. Appropriately specific: Answer provides the right level of detail for the question
245421,"For a patient with Sotos Syndrome presenting with Phimosis, what is the rationale for considering a comorbid diagnosis of another rare genetic disorder characterized by skin fragility and photosensitivity, given the overlap in developmental and skin abnormalities?","Kindler Syndrome. The connection through Phimosis highlights shared genetic vulnerabilities. Both Sotos and Kindler Syndromes involve developmental and skin integrity issues, with Kindler Syndrome specifically presenting with photosensitivity and skin atrophy. The comorbidity risk is inferred through the Phimosis link, suggesting patients with Sotos Syndrome and this condition may have a heightened predisposition to Kindler Syndrome due to overlapping genetic factors affecting skin development and integrity.",Answer Completeness,"5. Fully complete: The answer fully and comprehensively covers every aspect of the question, leaving no gaps in information."
268302,"Considering the pharmacological profiles of drugs related to peginesatide, which agent might warrant special consideration in patients with a high risk of thromboembolism, and why might its mechanism of action and structural properties contribute to this concern?","Pegnivacogin, by association with peginesatide and other PEGylated erythropoiesis-stimulating agents like Methoxy_polyethylene_glycol-epoetin_beta, could be of concern. The PEGylation process, which affects the drug's pharmacokinetics, might influence its thrombogenic potential. Although indirect, Pegnivacogin's connection to these modified erythropoietin forms suggests a cautious approach in thromboembolism risk management, highlighting the need for careful patient monitoring.",Scientific Validity of the Question,5. Completely valid: Perfectly aligned with current scientific understanding and uses appropriate terminology
268302,"Considering the pharmacological profiles of drugs related to peginesatide, which agent might warrant special consideration in patients with a high risk of thromboembolism, and why might its mechanism of action and structural properties contribute to this concern?","Pegnivacogin, by association with peginesatide and other PEGylated erythropoiesis-stimulating agents like Methoxy_polyethylene_glycol-epoetin_beta, could be of concern. The PEGylation process, which affects the drug's pharmacokinetics, might influence its thrombogenic potential. Although indirect, Pegnivacogin's connection to these modified erythropoietin forms suggests a cautious approach in thromboembolism risk management, highlighting the need for careful patient monitoring.",Scientific Validity of the Answer,"1. Not at all valid: Contains fundamental scientific errors, misinformation, or contradicts established knowledge"
268302,"Considering the pharmacological profiles of drugs related to peginesatide, which agent might warrant special consideration in patients with a high risk of thromboembolism, and why might its mechanism of action and structural properties contribute to this concern?","Pegnivacogin, by association with peginesatide and other PEGylated erythropoiesis-stimulating agents like Methoxy_polyethylene_glycol-epoetin_beta, could be of concern. The PEGylation process, which affects the drug's pharmacokinetics, might influence its thrombogenic potential. Although indirect, Pegnivacogin's connection to these modified erythropoietin forms suggests a cautious approach in thromboembolism risk management, highlighting the need for careful patient monitoring.",Question Complexity,4. Complex: Question requiring advanced knowledge and analysis of biomedical mechanisms or relationships
268302,"Considering the pharmacological profiles of drugs related to peginesatide, which agent might warrant special consideration in patients with a high risk of thromboembolism, and why might its mechanism of action and structural properties contribute to this concern?","Pegnivacogin, by association with peginesatide and other PEGylated erythropoiesis-stimulating agents like Methoxy_polyethylene_glycol-epoetin_beta, could be of concern. The PEGylation process, which affects the drug's pharmacokinetics, might influence its thrombogenic potential. Although indirect, Pegnivacogin's connection to these modified erythropoietin forms suggests a cautious approach in thromboembolism risk management, highlighting the need for careful patient monitoring.",Specificity of Answer,3. Appropriately specific: Answer provides the right level of detail for the question
268302,"Considering the pharmacological profiles of drugs related to peginesatide, which agent might warrant special consideration in patients with a high risk of thromboembolism, and why might its mechanism of action and structural properties contribute to this concern?","Pegnivacogin, by association with peginesatide and other PEGylated erythropoiesis-stimulating agents like Methoxy_polyethylene_glycol-epoetin_beta, could be of concern. The PEGylation process, which affects the drug's pharmacokinetics, might influence its thrombogenic potential. Although indirect, Pegnivacogin's connection to these modified erythropoietin forms suggests a cautious approach in thromboembolism risk management, highlighting the need for careful patient monitoring.",Answer Completeness,"1. Severely incomplete: Answer is wrong or addresses only a minimal fraction of what was asked, leaving most aspects of the question unanswered"
60741,"Considering the interplay of environmental factors with genetic predispositions in bipolar disorder, how might ethanol consumption affect the levels of a protein crucial for maintaining neuronal integrity, and what role might PPARα play in this context?","Ethanol consumption in bipolar disorder may decrease Brain Derived Neurotrophic Factor (BDNF) levels, a protein vital for neuronal health and plasticity. This effect is mediated by ethanol's influence on BDNF expression. While the direct link between PPARα and BDNF in bipolar disorder is complex, PPARα's activation (potentially influenced by the disorder's pathophysiology) could further modulate this interaction, exacerbating the neurodegenerative aspects of the disorder. Cell adhesion molecules, like L1, might also be indirectly affected, influencing neuronal connectivity, though their role in this specific pathway is less clear.",Scientific Validity of the Question,5. Completely valid: Perfectly aligned with current scientific understanding and uses appropriate terminology
60741,"Considering the interplay of environmental factors with genetic predispositions in bipolar disorder, how might ethanol consumption affect the levels of a protein crucial for maintaining neuronal integrity, and what role might PPARα play in this context?","Ethanol consumption in bipolar disorder may decrease Brain Derived Neurotrophic Factor (BDNF) levels, a protein vital for neuronal health and plasticity. This effect is mediated by ethanol's influence on BDNF expression. While the direct link between PPARα and BDNF in bipolar disorder is complex, PPARα's activation (potentially influenced by the disorder's pathophysiology) could further modulate this interaction, exacerbating the neurodegenerative aspects of the disorder. Cell adhesion molecules, like L1, might also be indirectly affected, influencing neuronal connectivity, though their role in this specific pathway is less clear.",Scientific Validity of the Answer,4. Very valid: Scientifically accurate with only trivial imprecisions
60741,"Considering the interplay of environmental factors with genetic predispositions in bipolar disorder, how might ethanol consumption affect the levels of a protein crucial for maintaining neuronal integrity, and what role might PPARα play in this context?","Ethanol consumption in bipolar disorder may decrease Brain Derived Neurotrophic Factor (BDNF) levels, a protein vital for neuronal health and plasticity. This effect is mediated by ethanol's influence on BDNF expression. While the direct link between PPARα and BDNF in bipolar disorder is complex, PPARα's activation (potentially influenced by the disorder's pathophysiology) could further modulate this interaction, exacerbating the neurodegenerative aspects of the disorder. Cell adhesion molecules, like L1, might also be indirectly affected, influencing neuronal connectivity, though their role in this specific pathway is less clear.",Question Complexity,4. Complex: Question requiring advanced knowledge and analysis of biomedical mechanisms or relationships
60741,"Considering the interplay of environmental factors with genetic predispositions in bipolar disorder, how might ethanol consumption affect the levels of a protein crucial for maintaining neuronal integrity, and what role might PPARα play in this context?","Ethanol consumption in bipolar disorder may decrease Brain Derived Neurotrophic Factor (BDNF) levels, a protein vital for neuronal health and plasticity. This effect is mediated by ethanol's influence on BDNF expression. While the direct link between PPARα and BDNF in bipolar disorder is complex, PPARα's activation (potentially influenced by the disorder's pathophysiology) could further modulate this interaction, exacerbating the neurodegenerative aspects of the disorder. Cell adhesion molecules, like L1, might also be indirectly affected, influencing neuronal connectivity, though their role in this specific pathway is less clear.",Specificity of Answer,2. Somewhat general: Answer provides some specifics but lacks precision
60741,"Considering the interplay of environmental factors with genetic predispositions in bipolar disorder, how might ethanol consumption affect the levels of a protein crucial for maintaining neuronal integrity, and what role might PPARα play in this context?","Ethanol consumption in bipolar disorder may decrease Brain Derived Neurotrophic Factor (BDNF) levels, a protein vital for neuronal health and plasticity. This effect is mediated by ethanol's influence on BDNF expression. While the direct link between PPARα and BDNF in bipolar disorder is complex, PPARα's activation (potentially influenced by the disorder's pathophysiology) could further modulate this interaction, exacerbating the neurodegenerative aspects of the disorder. Cell adhesion molecules, like L1, might also be indirectly affected, influencing neuronal connectivity, though their role in this specific pathway is less clear.",Answer Completeness,3. Moderately complete: Answer covers most critical elements but lacks some details or supporting points
92503,"Considering the neurotoxic effects of botulinum toxin, identify another potent neurotoxin that could pose a similar concern in terms of neurological disruption, despite differences in vector and specific mechanism, and briefly discuss the broader management implications.","Neosaxitoxin is a potent neurotoxin that, like botulinum toxin, disrupts neurotransmitter release, though via a different mechanism and typically through a different exposure route. This highlights the broad spectrum of neurotoxic threats, necessitating comprehensive management strategies, which might include antibiotics for secondary infections, underscoring the complex interplay in neurotoxin cases.",Scientific Validity of the Question,5. Completely valid: Perfectly aligned with current scientific understanding and uses appropriate terminology
92503,"Considering the neurotoxic effects of botulinum toxin, identify another potent neurotoxin that could pose a similar concern in terms of neurological disruption, despite differences in vector and specific mechanism, and briefly discuss the broader management implications.","Neosaxitoxin is a potent neurotoxin that, like botulinum toxin, disrupts neurotransmitter release, though via a different mechanism and typically through a different exposure route. This highlights the broad spectrum of neurotoxic threats, necessitating comprehensive management strategies, which might include antibiotics for secondary infections, underscoring the complex interplay in neurotoxin cases.",Scientific Validity of the Answer,2. Slightly valid: Major scientific inaccuracies mixed with some valid information
92503,"Considering the neurotoxic effects of botulinum toxin, identify another potent neurotoxin that could pose a similar concern in terms of neurological disruption, despite differences in vector and specific mechanism, and briefly discuss the broader management implications.","Neosaxitoxin is a potent neurotoxin that, like botulinum toxin, disrupts neurotransmitter release, though via a different mechanism and typically through a different exposure route. This highlights the broad spectrum of neurotoxic threats, necessitating comprehensive management strategies, which might include antibiotics for secondary infections, underscoring the complex interplay in neurotoxin cases.",Question Complexity,3. Moderate: Question requiring integration of multiple biomedical concepts
92503,"Considering the neurotoxic effects of botulinum toxin, identify another potent neurotoxin that could pose a similar concern in terms of neurological disruption, despite differences in vector and specific mechanism, and briefly discuss the broader management implications.","Neosaxitoxin is a potent neurotoxin that, like botulinum toxin, disrupts neurotransmitter release, though via a different mechanism and typically through a different exposure route. This highlights the broad spectrum of neurotoxic threats, necessitating comprehensive management strategies, which might include antibiotics for secondary infections, underscoring the complex interplay in neurotoxin cases.",Specificity of Answer,3. Appropriately specific: Answer provides the right level of detail for the question
92503,"Considering the neurotoxic effects of botulinum toxin, identify another potent neurotoxin that could pose a similar concern in terms of neurological disruption, despite differences in vector and specific mechanism, and briefly discuss the broader management implications.","Neosaxitoxin is a potent neurotoxin that, like botulinum toxin, disrupts neurotransmitter release, though via a different mechanism and typically through a different exposure route. This highlights the broad spectrum of neurotoxic threats, necessitating comprehensive management strategies, which might include antibiotics for secondary infections, underscoring the complex interplay in neurotoxin cases.",Answer Completeness,4. Very complete: Answer addresses nearly all aspects of the question with appropriate depth and context
215095,"How might oncogenic mutations, particularly those affecting RAS signaling, influence the healing process following vascular injury, where fibrinogen alpha chain plays a critical role in clot formation?","Signaling downstream of RAS mutants is pivotal. Initiated by RAP1A activation, this pathway's aberrant activation, potentially modulated by high-kinase activity BRAF mutants, affects cellular behaviors crucial for tissue repair, thus impacting the efficacy of fibrin clot formation and subsequent healing processes.",Scientific Validity of the Question,5. Completely valid: Perfectly aligned with current scientific understanding and uses appropriate terminology
215095,"How might oncogenic mutations, particularly those affecting RAS signaling, influence the healing process following vascular injury, where fibrinogen alpha chain plays a critical role in clot formation?","Signaling downstream of RAS mutants is pivotal. Initiated by RAP1A activation, this pathway's aberrant activation, potentially modulated by high-kinase activity BRAF mutants, affects cellular behaviors crucial for tissue repair, thus impacting the efficacy of fibrin clot formation and subsequent healing processes.",Scientific Validity of the Answer,2. Slightly valid: Major scientific inaccuracies mixed with some valid information
215095,"How might oncogenic mutations, particularly those affecting RAS signaling, influence the healing process following vascular injury, where fibrinogen alpha chain plays a critical role in clot formation?","Signaling downstream of RAS mutants is pivotal. Initiated by RAP1A activation, this pathway's aberrant activation, potentially modulated by high-kinase activity BRAF mutants, affects cellular behaviors crucial for tissue repair, thus impacting the efficacy of fibrin clot formation and subsequent healing processes.",Question Complexity,3. Moderate: Question requiring integration of multiple biomedical concepts
215095,"How might oncogenic mutations, particularly those affecting RAS signaling, influence the healing process following vascular injury, where fibrinogen alpha chain plays a critical role in clot formation?","Signaling downstream of RAS mutants is pivotal. Initiated by RAP1A activation, this pathway's aberrant activation, potentially modulated by high-kinase activity BRAF mutants, affects cellular behaviors crucial for tissue repair, thus impacting the efficacy of fibrin clot formation and subsequent healing processes.",Specificity of Answer,2. Somewhat general: Answer provides some specifics but lacks precision
215095,"How might oncogenic mutations, particularly those affecting RAS signaling, influence the healing process following vascular injury, where fibrinogen alpha chain plays a critical role in clot formation?","Signaling downstream of RAS mutants is pivotal. Initiated by RAP1A activation, this pathway's aberrant activation, potentially modulated by high-kinase activity BRAF mutants, affects cellular behaviors crucial for tissue repair, thus impacting the efficacy of fibrin clot formation and subsequent healing processes.",Answer Completeness,2. Partially complete: Answer addresses some key elements but omits several important aspects of the question
219028,"In treating choroidal neovascularization with Bevacizumab, what key factor does it primarily target to inhibit pathological vascular growth?","Bevacizumab primarily targets vascular endothelial growth factor A (VEGF-A), preventing its interaction with endothelial cell receptors, thus suppressing the angiogenic signal for new, pathological blood vessel growth in conditions like choroidal neovascularization.",Scientific Validity of the Question,5. Completely valid: Perfectly aligned with current scientific understanding and uses appropriate terminology
219028,"In treating choroidal neovascularization with Bevacizumab, what key factor does it primarily target to inhibit pathological vascular growth?","Bevacizumab primarily targets vascular endothelial growth factor A (VEGF-A), preventing its interaction with endothelial cell receptors, thus suppressing the angiogenic signal for new, pathological blood vessel growth in conditions like choroidal neovascularization.",Scientific Validity of the Answer,"5. Completely valid: Perfectly aligned with current scientific understanding, comprehensive, and appropriately nuanced"
219028,"In treating choroidal neovascularization with Bevacizumab, what key factor does it primarily target to inhibit pathological vascular growth?","Bevacizumab primarily targets vascular endothelial growth factor A (VEGF-A), preventing its interaction with endothelial cell receptors, thus suppressing the angiogenic signal for new, pathological blood vessel growth in conditions like choroidal neovascularization.",Question Complexity,3. Moderate: Question requiring integration of multiple biomedical concepts
219028,"In treating choroidal neovascularization with Bevacizumab, what key factor does it primarily target to inhibit pathological vascular growth?","Bevacizumab primarily targets vascular endothelial growth factor A (VEGF-A), preventing its interaction with endothelial cell receptors, thus suppressing the angiogenic signal for new, pathological blood vessel growth in conditions like choroidal neovascularization.",Specificity of Answer,3. Appropriately specific: Answer provides the right level of detail for the question
219028,"In treating choroidal neovascularization with Bevacizumab, what key factor does it primarily target to inhibit pathological vascular growth?","Bevacizumab primarily targets vascular endothelial growth factor A (VEGF-A), preventing its interaction with endothelial cell receptors, thus suppressing the angiogenic signal for new, pathological blood vessel growth in conditions like choroidal neovascularization.",Answer Completeness,"5. Fully complete: The answer fully and comprehensively covers every aspect of the question, leaving no gaps in information."
235736,"In patients with Chronic hepatitis C, what is the potential molecular mechanism by which a treatment targeting the vitamin D receptor could exert its therapeutic effects, considering the involvement of a specific antiviral drug?","The therapeutic effects of a treatment targeting the vitamin D receptor (VDR) in patients with Chronic hepatitis C (CHC) could be mediated through the modulation of immune responses and cellular differentiation, which are influenced by VDR activation. Specifically, the antiviral drug Daclatasvir, known to target the NS5A protein of the hepatitis C virus, may synergize with VDR-targeting treatments. The compound (1R,3S,5Z)-5-[(2E)-2-[(1R,3aS,7aR)-1-[(E,2R)-5-cyclopropyl-5-hydroxypent-3-en-2-yl]-7a-methyl-2,3,3a,5,6,7-hexahydro-1H-inden-4-ylidene]ethylidene]-4-methylidenecyclohexane-1,3-diol, structurally related to VDR agonists, might bind to the VDR, enhancing its activity. This dual approach could lead to enhanced viral clearance and improved liver health in CHC patients by modulating both the virus and the host's immune response.",Scientific Validity of the Question,5. Completely valid: Perfectly aligned with current scientific understanding and uses appropriate terminology
235736,"In patients with Chronic hepatitis C, what is the potential molecular mechanism by which a treatment targeting the vitamin D receptor could exert its therapeutic effects, considering the involvement of a specific antiviral drug?","The therapeutic effects of a treatment targeting the vitamin D receptor (VDR) in patients with Chronic hepatitis C (CHC) could be mediated through the modulation of immune responses and cellular differentiation, which are influenced by VDR activation. Specifically, the antiviral drug Daclatasvir, known to target the NS5A protein of the hepatitis C virus, may synergize with VDR-targeting treatments. The compound (1R,3S,5Z)-5-[(2E)-2-[(1R,3aS,7aR)-1-[(E,2R)-5-cyclopropyl-5-hydroxypent-3-en-2-yl]-7a-methyl-2,3,3a,5,6,7-hexahydro-1H-inden-4-ylidene]ethylidene]-4-methylidenecyclohexane-1,3-diol, structurally related to VDR agonists, might bind to the VDR, enhancing its activity. This dual approach could lead to enhanced viral clearance and improved liver health in CHC patients by modulating both the virus and the host's immune response.",Scientific Validity of the Answer,4. Very valid: Scientifically accurate with only trivial imprecisions
235736,"In patients with Chronic hepatitis C, what is the potential molecular mechanism by which a treatment targeting the vitamin D receptor could exert its therapeutic effects, considering the involvement of a specific antiviral drug?","The therapeutic effects of a treatment targeting the vitamin D receptor (VDR) in patients with Chronic hepatitis C (CHC) could be mediated through the modulation of immune responses and cellular differentiation, which are influenced by VDR activation. Specifically, the antiviral drug Daclatasvir, known to target the NS5A protein of the hepatitis C virus, may synergize with VDR-targeting treatments. The compound (1R,3S,5Z)-5-[(2E)-2-[(1R,3aS,7aR)-1-[(E,2R)-5-cyclopropyl-5-hydroxypent-3-en-2-yl]-7a-methyl-2,3,3a,5,6,7-hexahydro-1H-inden-4-ylidene]ethylidene]-4-methylidenecyclohexane-1,3-diol, structurally related to VDR agonists, might bind to the VDR, enhancing its activity. This dual approach could lead to enhanced viral clearance and improved liver health in CHC patients by modulating both the virus and the host's immune response.",Question Complexity,3. Moderate: Question requiring integration of multiple biomedical concepts
235736,"In patients with Chronic hepatitis C, what is the potential molecular mechanism by which a treatment targeting the vitamin D receptor could exert its therapeutic effects, considering the involvement of a specific antiviral drug?","The therapeutic effects of a treatment targeting the vitamin D receptor (VDR) in patients with Chronic hepatitis C (CHC) could be mediated through the modulation of immune responses and cellular differentiation, which are influenced by VDR activation. Specifically, the antiviral drug Daclatasvir, known to target the NS5A protein of the hepatitis C virus, may synergize with VDR-targeting treatments. The compound (1R,3S,5Z)-5-[(2E)-2-[(1R,3aS,7aR)-1-[(E,2R)-5-cyclopropyl-5-hydroxypent-3-en-2-yl]-7a-methyl-2,3,3a,5,6,7-hexahydro-1H-inden-4-ylidene]ethylidene]-4-methylidenecyclohexane-1,3-diol, structurally related to VDR agonists, might bind to the VDR, enhancing its activity. This dual approach could lead to enhanced viral clearance and improved liver health in CHC patients by modulating both the virus and the host's immune response.",Specificity of Answer,"5. Highly specific: Answer provides exceptional detail and precision, including quantitative data when appropriate"
235736,"In patients with Chronic hepatitis C, what is the potential molecular mechanism by which a treatment targeting the vitamin D receptor could exert its therapeutic effects, considering the involvement of a specific antiviral drug?","The therapeutic effects of a treatment targeting the vitamin D receptor (VDR) in patients with Chronic hepatitis C (CHC) could be mediated through the modulation of immune responses and cellular differentiation, which are influenced by VDR activation. Specifically, the antiviral drug Daclatasvir, known to target the NS5A protein of the hepatitis C virus, may synergize with VDR-targeting treatments. The compound (1R,3S,5Z)-5-[(2E)-2-[(1R,3aS,7aR)-1-[(E,2R)-5-cyclopropyl-5-hydroxypent-3-en-2-yl]-7a-methyl-2,3,3a,5,6,7-hexahydro-1H-inden-4-ylidene]ethylidene]-4-methylidenecyclohexane-1,3-diol, structurally related to VDR agonists, might bind to the VDR, enhancing its activity. This dual approach could lead to enhanced viral clearance and improved liver health in CHC patients by modulating both the virus and the host's immune response.",Answer Completeness,4. Very complete: Answer addresses nearly all aspects of the question with appropriate depth and context
235736,"In patients with Chronic hepatitis C, what is the potential molecular mechanism by which a treatment targeting the vitamin D receptor could exert its therapeutic effects, considering the involvement of a specific antiviral drug?","The therapeutic effects of a treatment targeting the vitamin D receptor (VDR) in patients with Chronic hepatitis C (CHC) could be mediated through the modulation of immune responses and cellular differentiation, which are influenced by VDR activation. Specifically, the antiviral drug Daclatasvir, known to target the NS5A protein of the hepatitis C virus, may synergize with VDR-targeting treatments. The compound (1R,3S,5Z)-5-[(2E)-2-[(1R,3aS,7aR)-1-[(E,2R)-5-cyclopropyl-5-hydroxypent-3-en-2-yl]-7a-methyl-2,3,3a,5,6,7-hexahydro-1H-inden-4-ylidene]ethylidene]-4-methylidenecyclohexane-1,3-diol, structurally related to VDR agonists, might bind to the VDR, enhancing its activity. This dual approach could lead to enhanced viral clearance and improved liver health in CHC patients by modulating both the virus and the host's immune response.",Comments,Demasiado específico/pormenorizado - nome do componente
10468,"What therapeutic approach, similar to that utilized by pegylated forms of erythropoietin stimulants like Peginesatide and immunomodulators like Peginterferon_beta-1a, could potentially be applied to the treatment of severe gout, considering the mechanism of action of drugs in this class?","The therapeutic approach that could be applied to the treatment of severe gout, analogous to pegylated drugs like Peginesatide and Peginterferon_beta-1a, involves the use of Pegloticase. This drug, a pegylated recombinant uricase, works by catalyzing the oxidation of uric acid into allantoin, thereby reducing serum uric acid levels. The pegylation of Pegloticase, similar to Peginesatide and Peginterferon_beta-1a, is likely intended to prolong its circulating half-life, enhancing its therapeutic efficacy in managing severe gout by reducing immune responses against the therapeutic enzyme.",Scientific Validity of the Question,5. Completely valid: Perfectly aligned with current scientific understanding and uses appropriate terminology
10468,"What therapeutic approach, similar to that utilized by pegylated forms of erythropoietin stimulants like Peginesatide and immunomodulators like Peginterferon_beta-1a, could potentially be applied to the treatment of severe gout, considering the mechanism of action of drugs in this class?","The therapeutic approach that could be applied to the treatment of severe gout, analogous to pegylated drugs like Peginesatide and Peginterferon_beta-1a, involves the use of Pegloticase. This drug, a pegylated recombinant uricase, works by catalyzing the oxidation of uric acid into allantoin, thereby reducing serum uric acid levels. The pegylation of Pegloticase, similar to Peginesatide and Peginterferon_beta-1a, is likely intended to prolong its circulating half-life, enhancing its therapeutic efficacy in managing severe gout by reducing immune responses against the therapeutic enzyme.",Scientific Validity of the Answer,"5. Completely valid: Perfectly aligned with current scientific understanding, comprehensive, and appropriately nuanced"
10468,"What therapeutic approach, similar to that utilized by pegylated forms of erythropoietin stimulants like Peginesatide and immunomodulators like Peginterferon_beta-1a, could potentially be applied to the treatment of severe gout, considering the mechanism of action of drugs in this class?","The therapeutic approach that could be applied to the treatment of severe gout, analogous to pegylated drugs like Peginesatide and Peginterferon_beta-1a, involves the use of Pegloticase. This drug, a pegylated recombinant uricase, works by catalyzing the oxidation of uric acid into allantoin, thereby reducing serum uric acid levels. The pegylation of Pegloticase, similar to Peginesatide and Peginterferon_beta-1a, is likely intended to prolong its circulating half-life, enhancing its therapeutic efficacy in managing severe gout by reducing immune responses against the therapeutic enzyme.",Question Complexity,4. Complex: Question requiring advanced knowledge and analysis of biomedical mechanisms or relationships
10468,"What therapeutic approach, similar to that utilized by pegylated forms of erythropoietin stimulants like Peginesatide and immunomodulators like Peginterferon_beta-1a, could potentially be applied to the treatment of severe gout, considering the mechanism of action of drugs in this class?","The therapeutic approach that could be applied to the treatment of severe gout, analogous to pegylated drugs like Peginesatide and Peginterferon_beta-1a, involves the use of Pegloticase. This drug, a pegylated recombinant uricase, works by catalyzing the oxidation of uric acid into allantoin, thereby reducing serum uric acid levels. The pegylation of Pegloticase, similar to Peginesatide and Peginterferon_beta-1a, is likely intended to prolong its circulating half-life, enhancing its therapeutic efficacy in managing severe gout by reducing immune responses against the therapeutic enzyme.",Specificity of Answer,"5. Highly specific: Answer provides exceptional detail and precision, including quantitative data when appropriate"
10468,"What therapeutic approach, similar to that utilized by pegylated forms of erythropoietin stimulants like Peginesatide and immunomodulators like Peginterferon_beta-1a, could potentially be applied to the treatment of severe gout, considering the mechanism of action of drugs in this class?","The therapeutic approach that could be applied to the treatment of severe gout, analogous to pegylated drugs like Peginesatide and Peginterferon_beta-1a, involves the use of Pegloticase. This drug, a pegylated recombinant uricase, works by catalyzing the oxidation of uric acid into allantoin, thereby reducing serum uric acid levels. The pegylation of Pegloticase, similar to Peginesatide and Peginterferon_beta-1a, is likely intended to prolong its circulating half-life, enhancing its therapeutic efficacy in managing severe gout by reducing immune responses against the therapeutic enzyme.",Answer Completeness,"5. Fully complete: The answer fully and comprehensively covers every aspect of the question, leaving no gaps in information."
72838,"In the context of polypharmacy in oncology, what class of immunomodulatory drugs, used in the treatment of chronic viral hepatitis, might exhibit complex interactions or synergistic effects when co-administered with Pegfilgrastim in chemotherapy patients, and how might their pegylation influence these dynamics?","Pegylated interferons, such as Cepeginterferon alfa-2B, could interact with Pegfilgrastim in chemotherapy patients due to their immunomodulatory effects. Both being pegylated, they may have overlapping side effects or altered efficacy. Specifically, Pegfilgrastim's stimulation of white blood cell production could be modulated by the immune response alterations induced by Cepeginterferon alfa-2B, potentially affecting patient recovery and treatment outcomes. Their pegylation, enhancing half-life and reducing immunogenicity, might also influence the pharmacokinetics of these interactions.",Scientific Validity of the Question,5. Completely valid: Perfectly aligned with current scientific understanding and uses appropriate terminology
72838,"In the context of polypharmacy in oncology, what class of immunomodulatory drugs, used in the treatment of chronic viral hepatitis, might exhibit complex interactions or synergistic effects when co-administered with Pegfilgrastim in chemotherapy patients, and how might their pegylation influence these dynamics?","Pegylated interferons, such as Cepeginterferon alfa-2B, could interact with Pegfilgrastim in chemotherapy patients due to their immunomodulatory effects. Both being pegylated, they may have overlapping side effects or altered efficacy. Specifically, Pegfilgrastim's stimulation of white blood cell production could be modulated by the immune response alterations induced by Cepeginterferon alfa-2B, potentially affecting patient recovery and treatment outcomes. Their pegylation, enhancing half-life and reducing immunogenicity, might also influence the pharmacokinetics of these interactions.",Scientific Validity of the Answer,"5. Completely valid: Perfectly aligned with current scientific understanding, comprehensive, and appropriately nuanced"
72838,"In the context of polypharmacy in oncology, what class of immunomodulatory drugs, used in the treatment of chronic viral hepatitis, might exhibit complex interactions or synergistic effects when co-administered with Pegfilgrastim in chemotherapy patients, and how might their pegylation influence these dynamics?","Pegylated interferons, such as Cepeginterferon alfa-2B, could interact with Pegfilgrastim in chemotherapy patients due to their immunomodulatory effects. Both being pegylated, they may have overlapping side effects or altered efficacy. Specifically, Pegfilgrastim's stimulation of white blood cell production could be modulated by the immune response alterations induced by Cepeginterferon alfa-2B, potentially affecting patient recovery and treatment outcomes. Their pegylation, enhancing half-life and reducing immunogenicity, might also influence the pharmacokinetics of these interactions.",Question Complexity,4. Complex: Question requiring advanced knowledge and analysis of biomedical mechanisms or relationships
72838,"In the context of polypharmacy in oncology, what class of immunomodulatory drugs, used in the treatment of chronic viral hepatitis, might exhibit complex interactions or synergistic effects when co-administered with Pegfilgrastim in chemotherapy patients, and how might their pegylation influence these dynamics?","Pegylated interferons, such as Cepeginterferon alfa-2B, could interact with Pegfilgrastim in chemotherapy patients due to their immunomodulatory effects. Both being pegylated, they may have overlapping side effects or altered efficacy. Specifically, Pegfilgrastim's stimulation of white blood cell production could be modulated by the immune response alterations induced by Cepeginterferon alfa-2B, potentially affecting patient recovery and treatment outcomes. Their pegylation, enhancing half-life and reducing immunogenicity, might also influence the pharmacokinetics of these interactions.",Specificity of Answer,4. Very specific: Answer is detailed and precise
72838,"In the context of polypharmacy in oncology, what class of immunomodulatory drugs, used in the treatment of chronic viral hepatitis, might exhibit complex interactions or synergistic effects when co-administered with Pegfilgrastim in chemotherapy patients, and how might their pegylation influence these dynamics?","Pegylated interferons, such as Cepeginterferon alfa-2B, could interact with Pegfilgrastim in chemotherapy patients due to their immunomodulatory effects. Both being pegylated, they may have overlapping side effects or altered efficacy. Specifically, Pegfilgrastim's stimulation of white blood cell production could be modulated by the immune response alterations induced by Cepeginterferon alfa-2B, potentially affecting patient recovery and treatment outcomes. Their pegylation, enhancing half-life and reducing immunogenicity, might also influence the pharmacokinetics of these interactions.",Answer Completeness,"5. Fully complete: The answer fully and comprehensively covers every aspect of the question, leaving no gaps in information."
182534,"Considering the complex interplay of genetic disorders, is there an increased risk of a specific skin malignancy in NEMALINE MYOPATHY 2 patients, given the overlap of certain conditions with eye abnormalities?","Patients with NEMALINE MYOPATHY 2 (NEM2) may have an increased risk of developing Cutaneous melanoma. This is inferred through the shared association with eye abnormalities and the connection to severe skin conditions like Epidermolysis bullosa inversa dystrophica, highlighting the interplay between muscular, epithelial, and connective tissue disorders.",Scientific Validity of the Question,5. Completely valid: Perfectly aligned with current scientific understanding and uses appropriate terminology
182534,"Considering the complex interplay of genetic disorders, is there an increased risk of a specific skin malignancy in NEMALINE MYOPATHY 2 patients, given the overlap of certain conditions with eye abnormalities?","Patients with NEMALINE MYOPATHY 2 (NEM2) may have an increased risk of developing Cutaneous melanoma. This is inferred through the shared association with eye abnormalities and the connection to severe skin conditions like Epidermolysis bullosa inversa dystrophica, highlighting the interplay between muscular, epithelial, and connective tissue disorders.",Scientific Validity of the Answer,"1. Not at all valid: Contains fundamental scientific errors, misinformation, or contradicts established knowledge"
182534,"Considering the complex interplay of genetic disorders, is there an increased risk of a specific skin malignancy in NEMALINE MYOPATHY 2 patients, given the overlap of certain conditions with eye abnormalities?","Patients with NEMALINE MYOPATHY 2 (NEM2) may have an increased risk of developing Cutaneous melanoma. This is inferred through the shared association with eye abnormalities and the connection to severe skin conditions like Epidermolysis bullosa inversa dystrophica, highlighting the interplay between muscular, epithelial, and connective tissue disorders.",Question Complexity,3. Moderate: Question requiring integration of multiple biomedical concepts
182534,"Considering the complex interplay of genetic disorders, is there an increased risk of a specific skin malignancy in NEMALINE MYOPATHY 2 patients, given the overlap of certain conditions with eye abnormalities?","Patients with NEMALINE MYOPATHY 2 (NEM2) may have an increased risk of developing Cutaneous melanoma. This is inferred through the shared association with eye abnormalities and the connection to severe skin conditions like Epidermolysis bullosa inversa dystrophica, highlighting the interplay between muscular, epithelial, and connective tissue disorders.",Specificity of Answer,2. Somewhat general: Answer provides some specifics but lacks precision
182534,"Considering the complex interplay of genetic disorders, is there an increased risk of a specific skin malignancy in NEMALINE MYOPATHY 2 patients, given the overlap of certain conditions with eye abnormalities?","Patients with NEMALINE MYOPATHY 2 (NEM2) may have an increased risk of developing Cutaneous melanoma. This is inferred through the shared association with eye abnormalities and the connection to severe skin conditions like Epidermolysis bullosa inversa dystrophica, highlighting the interplay between muscular, epithelial, and connective tissue disorders.",Answer Completeness,"1. Severely incomplete: Answer is wrong or addresses only a minimal fraction of what was asked, leaving most aspects of the question unanswered"
259009,"How might a history of PREECLAMPSIA/ECLAMPSIA and a specific deficiency in steroid hormone metabolism (e.g., CORTICOSTERONE METHYLOXIDASE TYPE I DEFICIENCY) together influence blood pressure?","The combination of a history of PREECLAMPSIA/ECLAMPSIA, characterized by hypertension, and CORTICOSTERONE METHYLOXIDASE TYPE I DEFICIENCY, which disrupts steroid hormone regulation, might paradoxically lead to hypotension. This could occur due to the deficiency's impact on fluid and electrolyte balance, overriding the typical hypertensive outcomes associated with PREECLAMPSIA/ECLAMPSIA, resulting in a complex blood pressure dysregulation scenario.",Scientific Validity of the Question,5. Completely valid: Perfectly aligned with current scientific understanding and uses appropriate terminology
259009,"How might a history of PREECLAMPSIA/ECLAMPSIA and a specific deficiency in steroid hormone metabolism (e.g., CORTICOSTERONE METHYLOXIDASE TYPE I DEFICIENCY) together influence blood pressure?","The combination of a history of PREECLAMPSIA/ECLAMPSIA, characterized by hypertension, and CORTICOSTERONE METHYLOXIDASE TYPE I DEFICIENCY, which disrupts steroid hormone regulation, might paradoxically lead to hypotension. This could occur due to the deficiency's impact on fluid and electrolyte balance, overriding the typical hypertensive outcomes associated with PREECLAMPSIA/ECLAMPSIA, resulting in a complex blood pressure dysregulation scenario.",Scientific Validity of the Answer,4. Very valid: Scientifically accurate with only trivial imprecisions
259009,"How might a history of PREECLAMPSIA/ECLAMPSIA and a specific deficiency in steroid hormone metabolism (e.g., CORTICOSTERONE METHYLOXIDASE TYPE I DEFICIENCY) together influence blood pressure?","The combination of a history of PREECLAMPSIA/ECLAMPSIA, characterized by hypertension, and CORTICOSTERONE METHYLOXIDASE TYPE I DEFICIENCY, which disrupts steroid hormone regulation, might paradoxically lead to hypotension. This could occur due to the deficiency's impact on fluid and electrolyte balance, overriding the typical hypertensive outcomes associated with PREECLAMPSIA/ECLAMPSIA, resulting in a complex blood pressure dysregulation scenario.",Question Complexity,2. Simple: Straightforward question requiring basic understanding of biomedical concepts
259009,"How might a history of PREECLAMPSIA/ECLAMPSIA and a specific deficiency in steroid hormone metabolism (e.g., CORTICOSTERONE METHYLOXIDASE TYPE I DEFICIENCY) together influence blood pressure?","The combination of a history of PREECLAMPSIA/ECLAMPSIA, characterized by hypertension, and CORTICOSTERONE METHYLOXIDASE TYPE I DEFICIENCY, which disrupts steroid hormone regulation, might paradoxically lead to hypotension. This could occur due to the deficiency's impact on fluid and electrolyte balance, overriding the typical hypertensive outcomes associated with PREECLAMPSIA/ECLAMPSIA, resulting in a complex blood pressure dysregulation scenario.",Specificity of Answer,2. Somewhat general: Answer provides some specifics but lacks precision
259009,"How might a history of PREECLAMPSIA/ECLAMPSIA and a specific deficiency in steroid hormone metabolism (e.g., CORTICOSTERONE METHYLOXIDASE TYPE I DEFICIENCY) together influence blood pressure?","The combination of a history of PREECLAMPSIA/ECLAMPSIA, characterized by hypertension, and CORTICOSTERONE METHYLOXIDASE TYPE I DEFICIENCY, which disrupts steroid hormone regulation, might paradoxically lead to hypotension. This could occur due to the deficiency's impact on fluid and electrolyte balance, overriding the typical hypertensive outcomes associated with PREECLAMPSIA/ECLAMPSIA, resulting in a complex blood pressure dysregulation scenario.",Answer Completeness,3. Moderately complete: Answer covers most critical elements but lacks some details or supporting points
260387,"How do changes in actin gamma 1 structure potentially impact immune cell function, considering the interplay between cytoskeletal organization, MAP kinase signaling, and receptor-mediated processes like FCGR3A-mediated phagocytosis?","Changes in actin gamma 1 structure can disrupt MAP2K and MAPK activation, affecting downstream regulators like mitogen-activated protein kinase 3. This, in turn, may impair FCGR3A-mediated phagocytosis, highlighting the critical link between actin dynamics, signaling cascades, and efficient immune response mechanisms.",Scientific Validity of the Question,5. Completely valid: Perfectly aligned with current scientific understanding and uses appropriate terminology
260387,"How do changes in actin gamma 1 structure potentially impact immune cell function, considering the interplay between cytoskeletal organization, MAP kinase signaling, and receptor-mediated processes like FCGR3A-mediated phagocytosis?","Changes in actin gamma 1 structure can disrupt MAP2K and MAPK activation, affecting downstream regulators like mitogen-activated protein kinase 3. This, in turn, may impair FCGR3A-mediated phagocytosis, highlighting the critical link between actin dynamics, signaling cascades, and efficient immune response mechanisms.",Scientific Validity of the Answer,4. Very valid: Scientifically accurate with only trivial imprecisions
260387,"How do changes in actin gamma 1 structure potentially impact immune cell function, considering the interplay between cytoskeletal organization, MAP kinase signaling, and receptor-mediated processes like FCGR3A-mediated phagocytosis?","Changes in actin gamma 1 structure can disrupt MAP2K and MAPK activation, affecting downstream regulators like mitogen-activated protein kinase 3. This, in turn, may impair FCGR3A-mediated phagocytosis, highlighting the critical link between actin dynamics, signaling cascades, and efficient immune response mechanisms.",Question Complexity,3. Moderate: Question requiring integration of multiple biomedical concepts
260387,"How do changes in actin gamma 1 structure potentially impact immune cell function, considering the interplay between cytoskeletal organization, MAP kinase signaling, and receptor-mediated processes like FCGR3A-mediated phagocytosis?","Changes in actin gamma 1 structure can disrupt MAP2K and MAPK activation, affecting downstream regulators like mitogen-activated protein kinase 3. This, in turn, may impair FCGR3A-mediated phagocytosis, highlighting the critical link between actin dynamics, signaling cascades, and efficient immune response mechanisms.",Specificity of Answer,2. Somewhat general: Answer provides some specifics but lacks precision
260387,"How do changes in actin gamma 1 structure potentially impact immune cell function, considering the interplay between cytoskeletal organization, MAP kinase signaling, and receptor-mediated processes like FCGR3A-mediated phagocytosis?","Changes in actin gamma 1 structure can disrupt MAP2K and MAPK activation, affecting downstream regulators like mitogen-activated protein kinase 3. This, in turn, may impair FCGR3A-mediated phagocytosis, highlighting the critical link between actin dynamics, signaling cascades, and efficient immune response mechanisms.",Answer Completeness,3. Moderately complete: Answer covers most critical elements but lacks some details or supporting points
187335,"In the context of kidney transplantation, what immunosuppressive mechanism might be crucial in mitigating the effects of a pro-inflammatory cytokine known to contribute to transplant rejection, especially when considering the role of a specific transcription factor involved in regulatory T cell development?","The mechanism involves the inhibition of interleukin 6 (IL-6) (Node 2) production or its downstream effects, which is achievable through the administration of Tacrolimus (Node 4). Tacrolimus, a calcineurin inhibitor, not only suppresses IL-6 but also influences the expression of forkhead box P3 (FoxP3) (Node 1), a key transcription factor for regulatory T cells, which in turn helps in reducing the immune response and the risk of transplant rejection (Node 0) in kidney transplant recipients (Node 3), thereby supporting graft survival.",Scientific Validity of the Question,5. Completely valid: Perfectly aligned with current scientific understanding and uses appropriate terminology
187335,"In the context of kidney transplantation, what immunosuppressive mechanism might be crucial in mitigating the effects of a pro-inflammatory cytokine known to contribute to transplant rejection, especially when considering the role of a specific transcription factor involved in regulatory T cell development?","The mechanism involves the inhibition of interleukin 6 (IL-6) (Node 2) production or its downstream effects, which is achievable through the administration of Tacrolimus (Node 4). Tacrolimus, a calcineurin inhibitor, not only suppresses IL-6 but also influences the expression of forkhead box P3 (FoxP3) (Node 1), a key transcription factor for regulatory T cells, which in turn helps in reducing the immune response and the risk of transplant rejection (Node 0) in kidney transplant recipients (Node 3), thereby supporting graft survival.",Scientific Validity of the Answer,3. Moderately valid: Contains minor scientific inaccuracies but the core information is correct
187335,"In the context of kidney transplantation, what immunosuppressive mechanism might be crucial in mitigating the effects of a pro-inflammatory cytokine known to contribute to transplant rejection, especially when considering the role of a specific transcription factor involved in regulatory T cell development?","The mechanism involves the inhibition of interleukin 6 (IL-6) (Node 2) production or its downstream effects, which is achievable through the administration of Tacrolimus (Node 4). Tacrolimus, a calcineurin inhibitor, not only suppresses IL-6 but also influences the expression of forkhead box P3 (FoxP3) (Node 1), a key transcription factor for regulatory T cells, which in turn helps in reducing the immune response and the risk of transplant rejection (Node 0) in kidney transplant recipients (Node 3), thereby supporting graft survival.",Question Complexity,4. Complex: Question requiring advanced knowledge and analysis of biomedical mechanisms or relationships
187335,"In the context of kidney transplantation, what immunosuppressive mechanism might be crucial in mitigating the effects of a pro-inflammatory cytokine known to contribute to transplant rejection, especially when considering the role of a specific transcription factor involved in regulatory T cell development?","The mechanism involves the inhibition of interleukin 6 (IL-6) (Node 2) production or its downstream effects, which is achievable through the administration of Tacrolimus (Node 4). Tacrolimus, a calcineurin inhibitor, not only suppresses IL-6 but also influences the expression of forkhead box P3 (FoxP3) (Node 1), a key transcription factor for regulatory T cells, which in turn helps in reducing the immune response and the risk of transplant rejection (Node 0) in kidney transplant recipients (Node 3), thereby supporting graft survival.",Specificity of Answer,4. Very specific: Answer is detailed and precise
187335,"In the context of kidney transplantation, what immunosuppressive mechanism might be crucial in mitigating the effects of a pro-inflammatory cytokine known to contribute to transplant rejection, especially when considering the role of a specific transcription factor involved in regulatory T cell development?","The mechanism involves the inhibition of interleukin 6 (IL-6) (Node 2) production or its downstream effects, which is achievable through the administration of Tacrolimus (Node 4). Tacrolimus, a calcineurin inhibitor, not only suppresses IL-6 but also influences the expression of forkhead box P3 (FoxP3) (Node 1), a key transcription factor for regulatory T cells, which in turn helps in reducing the immune response and the risk of transplant rejection (Node 0) in kidney transplant recipients (Node 3), thereby supporting graft survival.",Answer Completeness,"5. Fully complete: The answer fully and comprehensively covers every aspect of the question, leaving no gaps in information."
144628,"In the context of cell cycle regulation, what type of enzymatic complex is likely involved in the degradation of Cyclin A, potentially influenced by both proteasome activator subunits and the anaphase-promoting complex (APC/C) co-activated by Cdc20?","The degradation of Cyclin A, mediated by the Cdc20:Phospho-APC/C complex, likely involves the 26S proteasome complex. This inference is supported by connections within the proteasome's structure and function: proteasome activator subunit 3 and proteasome 26S subunit, ATPase 6, both interact with the Cdc20:Phospho-APC/C mediated degradation pathway of Cyclin A, suggesting the 26S proteasome's role in this process. Furthermore, the involvement of proteasome 20S subunit beta 7, which is part of the core proteolytic complex, in both the Cdc20:Phospho-APC/C pathway and the autodegradation of the E3 ubiquitin ligase COP1, underscores the proteasome's central role in regulated protein degradation, including that of Cyclin A.",Scientific Validity of the Question,5. Completely valid: Perfectly aligned with current scientific understanding and uses appropriate terminology
144628,"In the context of cell cycle regulation, what type of enzymatic complex is likely involved in the degradation of Cyclin A, potentially influenced by both proteasome activator subunits and the anaphase-promoting complex (APC/C) co-activated by Cdc20?","The degradation of Cyclin A, mediated by the Cdc20:Phospho-APC/C complex, likely involves the 26S proteasome complex. This inference is supported by connections within the proteasome's structure and function: proteasome activator subunit 3 and proteasome 26S subunit, ATPase 6, both interact with the Cdc20:Phospho-APC/C mediated degradation pathway of Cyclin A, suggesting the 26S proteasome's role in this process. Furthermore, the involvement of proteasome 20S subunit beta 7, which is part of the core proteolytic complex, in both the Cdc20:Phospho-APC/C pathway and the autodegradation of the E3 ubiquitin ligase COP1, underscores the proteasome's central role in regulated protein degradation, including that of Cyclin A.",Scientific Validity of the Answer,3. Moderately valid: Contains minor scientific inaccuracies but the core information is correct
144628,"In the context of cell cycle regulation, what type of enzymatic complex is likely involved in the degradation of Cyclin A, potentially influenced by both proteasome activator subunits and the anaphase-promoting complex (APC/C) co-activated by Cdc20?","The degradation of Cyclin A, mediated by the Cdc20:Phospho-APC/C complex, likely involves the 26S proteasome complex. This inference is supported by connections within the proteasome's structure and function: proteasome activator subunit 3 and proteasome 26S subunit, ATPase 6, both interact with the Cdc20:Phospho-APC/C mediated degradation pathway of Cyclin A, suggesting the 26S proteasome's role in this process. Furthermore, the involvement of proteasome 20S subunit beta 7, which is part of the core proteolytic complex, in both the Cdc20:Phospho-APC/C pathway and the autodegradation of the E3 ubiquitin ligase COP1, underscores the proteasome's central role in regulated protein degradation, including that of Cyclin A.",Question Complexity,3. Moderate: Question requiring integration of multiple biomedical concepts
144628,"In the context of cell cycle regulation, what type of enzymatic complex is likely involved in the degradation of Cyclin A, potentially influenced by both proteasome activator subunits and the anaphase-promoting complex (APC/C) co-activated by Cdc20?","The degradation of Cyclin A, mediated by the Cdc20:Phospho-APC/C complex, likely involves the 26S proteasome complex. This inference is supported by connections within the proteasome's structure and function: proteasome activator subunit 3 and proteasome 26S subunit, ATPase 6, both interact with the Cdc20:Phospho-APC/C mediated degradation pathway of Cyclin A, suggesting the 26S proteasome's role in this process. Furthermore, the involvement of proteasome 20S subunit beta 7, which is part of the core proteolytic complex, in both the Cdc20:Phospho-APC/C pathway and the autodegradation of the E3 ubiquitin ligase COP1, underscores the proteasome's central role in regulated protein degradation, including that of Cyclin A.",Specificity of Answer,4. Very specific: Answer is detailed and precise
144628,"In the context of cell cycle regulation, what type of enzymatic complex is likely involved in the degradation of Cyclin A, potentially influenced by both proteasome activator subunits and the anaphase-promoting complex (APC/C) co-activated by Cdc20?","The degradation of Cyclin A, mediated by the Cdc20:Phospho-APC/C complex, likely involves the 26S proteasome complex. This inference is supported by connections within the proteasome's structure and function: proteasome activator subunit 3 and proteasome 26S subunit, ATPase 6, both interact with the Cdc20:Phospho-APC/C mediated degradation pathway of Cyclin A, suggesting the 26S proteasome's role in this process. Furthermore, the involvement of proteasome 20S subunit beta 7, which is part of the core proteolytic complex, in both the Cdc20:Phospho-APC/C pathway and the autodegradation of the E3 ubiquitin ligase COP1, underscores the proteasome's central role in regulated protein degradation, including that of Cyclin A.",Answer Completeness,"5. Fully complete: The answer fully and comprehensively covers every aspect of the question, leaving no gaps in information."
157422,"In individuals with a history of unspecified chronic alcoholism, what molecular mechanism, influenced by ethanol consumption, might contribute to the exacerbation of this condition, potentially involving a specific enzyme and a precursor to a natural opioid?","The exacerbation of unspecified chronic alcoholism in individuals may involve the modulation of phosphodiesterase 4B (PDE4B) by ethanol, leading to altered signaling pathways. Ethanol exposure can also influence the expression of prodynorphin, a precursor to dynorphins, which are natural opioids. The interplay between ethanol's impact on PDE4B activity and prodynorphin expression could contribute to the worsening of alcoholism symptoms, possibly through disrupted intracellular signaling cascades that affect neurotransmitter release and neuronal function, including those related to trinucleotide repeat containing adaptor 6A (TNRC6A), which might be involved in post-transcriptional regulation of genes affected by chronic alcohol exposure.",Scientific Validity of the Question,5. Completely valid: Perfectly aligned with current scientific understanding and uses appropriate terminology
157422,"In individuals with a history of unspecified chronic alcoholism, what molecular mechanism, influenced by ethanol consumption, might contribute to the exacerbation of this condition, potentially involving a specific enzyme and a precursor to a natural opioid?","The exacerbation of unspecified chronic alcoholism in individuals may involve the modulation of phosphodiesterase 4B (PDE4B) by ethanol, leading to altered signaling pathways. Ethanol exposure can also influence the expression of prodynorphin, a precursor to dynorphins, which are natural opioids. The interplay between ethanol's impact on PDE4B activity and prodynorphin expression could contribute to the worsening of alcoholism symptoms, possibly through disrupted intracellular signaling cascades that affect neurotransmitter release and neuronal function, including those related to trinucleotide repeat containing adaptor 6A (TNRC6A), which might be involved in post-transcriptional regulation of genes affected by chronic alcohol exposure.",Scientific Validity of the Answer,3. Moderately valid: Contains minor scientific inaccuracies but the core information is correct
157422,"In individuals with a history of unspecified chronic alcoholism, what molecular mechanism, influenced by ethanol consumption, might contribute to the exacerbation of this condition, potentially involving a specific enzyme and a precursor to a natural opioid?","The exacerbation of unspecified chronic alcoholism in individuals may involve the modulation of phosphodiesterase 4B (PDE4B) by ethanol, leading to altered signaling pathways. Ethanol exposure can also influence the expression of prodynorphin, a precursor to dynorphins, which are natural opioids. The interplay between ethanol's impact on PDE4B activity and prodynorphin expression could contribute to the worsening of alcoholism symptoms, possibly through disrupted intracellular signaling cascades that affect neurotransmitter release and neuronal function, including those related to trinucleotide repeat containing adaptor 6A (TNRC6A), which might be involved in post-transcriptional regulation of genes affected by chronic alcohol exposure.",Question Complexity,3. Moderate: Question requiring integration of multiple biomedical concepts
157422,"In individuals with a history of unspecified chronic alcoholism, what molecular mechanism, influenced by ethanol consumption, might contribute to the exacerbation of this condition, potentially involving a specific enzyme and a precursor to a natural opioid?","The exacerbation of unspecified chronic alcoholism in individuals may involve the modulation of phosphodiesterase 4B (PDE4B) by ethanol, leading to altered signaling pathways. Ethanol exposure can also influence the expression of prodynorphin, a precursor to dynorphins, which are natural opioids. The interplay between ethanol's impact on PDE4B activity and prodynorphin expression could contribute to the worsening of alcoholism symptoms, possibly through disrupted intracellular signaling cascades that affect neurotransmitter release and neuronal function, including those related to trinucleotide repeat containing adaptor 6A (TNRC6A), which might be involved in post-transcriptional regulation of genes affected by chronic alcohol exposure.",Specificity of Answer,4. Very specific: Answer is detailed and precise
157422,"In individuals with a history of unspecified chronic alcoholism, what molecular mechanism, influenced by ethanol consumption, might contribute to the exacerbation of this condition, potentially involving a specific enzyme and a precursor to a natural opioid?","The exacerbation of unspecified chronic alcoholism in individuals may involve the modulation of phosphodiesterase 4B (PDE4B) by ethanol, leading to altered signaling pathways. Ethanol exposure can also influence the expression of prodynorphin, a precursor to dynorphins, which are natural opioids. The interplay between ethanol's impact on PDE4B activity and prodynorphin expression could contribute to the worsening of alcoholism symptoms, possibly through disrupted intracellular signaling cascades that affect neurotransmitter release and neuronal function, including those related to trinucleotide repeat containing adaptor 6A (TNRC6A), which might be involved in post-transcriptional regulation of genes affected by chronic alcohol exposure.",Answer Completeness,4. Very complete: Answer addresses nearly all aspects of the question with appropriate depth and context
162523,"What enzyme is targeted by immunosuppressive agents in the context of kidney transplantation, considering the involvement of SangCyA?","IMPDH2 is targeted by certain immunosuppressives, with its inhibition reducing drug toxicity, and its connection to SangCyA suggests a therapeutic pathway in kidney transplant patients.",Scientific Validity of the Question,5. Completely valid: Perfectly aligned with current scientific understanding and uses appropriate terminology
162523,"What enzyme is targeted by immunosuppressive agents in the context of kidney transplantation, considering the involvement of SangCyA?","IMPDH2 is targeted by certain immunosuppressives, with its inhibition reducing drug toxicity, and its connection to SangCyA suggests a therapeutic pathway in kidney transplant patients.",Scientific Validity of the Answer,2. Slightly valid: Major scientific inaccuracies mixed with some valid information
162523,"What enzyme is targeted by immunosuppressive agents in the context of kidney transplantation, considering the involvement of SangCyA?","IMPDH2 is targeted by certain immunosuppressives, with its inhibition reducing drug toxicity, and its connection to SangCyA suggests a therapeutic pathway in kidney transplant patients.",Question Complexity,4. Complex: Question requiring advanced knowledge and analysis of biomedical mechanisms or relationships
162523,"What enzyme is targeted by immunosuppressive agents in the context of kidney transplantation, considering the involvement of SangCyA?","IMPDH2 is targeted by certain immunosuppressives, with its inhibition reducing drug toxicity, and its connection to SangCyA suggests a therapeutic pathway in kidney transplant patients.",Specificity of Answer,3. Appropriately specific: Answer provides the right level of detail for the question
162523,"What enzyme is targeted by immunosuppressive agents in the context of kidney transplantation, considering the involvement of SangCyA?","IMPDH2 is targeted by certain immunosuppressives, with its inhibition reducing drug toxicity, and its connection to SangCyA suggests a therapeutic pathway in kidney transplant patients.",Answer Completeness,2. Partially complete: Answer addresses some key elements but omits several important aspects of the question
251709,"How might Tacrolimus impact the immune response in kidney transplant patients with a history of renal failure, in terms of cytokine modulation?","The administration of Tacrolimus in kidney transplantation, particularly in patients with a history of renal failure, indirectly influences the production of interleukin 10 (IL-10). By inhibiting calcineurin and thus T-lymphocyte activation, Tacrolimus can lead to increased production of anti-inflammatory cytokines like IL-10. This helps reduce the immune response against the graft, preventing rejection, in the context of the broader immunosuppressive action during transplantation.",Scientific Validity of the Question,5. Completely valid: Perfectly aligned with current scientific understanding and uses appropriate terminology
251709,"How might Tacrolimus impact the immune response in kidney transplant patients with a history of renal failure, in terms of cytokine modulation?","The administration of Tacrolimus in kidney transplantation, particularly in patients with a history of renal failure, indirectly influences the production of interleukin 10 (IL-10). By inhibiting calcineurin and thus T-lymphocyte activation, Tacrolimus can lead to increased production of anti-inflammatory cytokines like IL-10. This helps reduce the immune response against the graft, preventing rejection, in the context of the broader immunosuppressive action during transplantation.",Scientific Validity of the Answer,4. Very valid: Scientifically accurate with only trivial imprecisions
251709,"How might Tacrolimus impact the immune response in kidney transplant patients with a history of renal failure, in terms of cytokine modulation?","The administration of Tacrolimus in kidney transplantation, particularly in patients with a history of renal failure, indirectly influences the production of interleukin 10 (IL-10). By inhibiting calcineurin and thus T-lymphocyte activation, Tacrolimus can lead to increased production of anti-inflammatory cytokines like IL-10. This helps reduce the immune response against the graft, preventing rejection, in the context of the broader immunosuppressive action during transplantation.",Question Complexity,3. Moderate: Question requiring integration of multiple biomedical concepts
251709,"How might Tacrolimus impact the immune response in kidney transplant patients with a history of renal failure, in terms of cytokine modulation?","The administration of Tacrolimus in kidney transplantation, particularly in patients with a history of renal failure, indirectly influences the production of interleukin 10 (IL-10). By inhibiting calcineurin and thus T-lymphocyte activation, Tacrolimus can lead to increased production of anti-inflammatory cytokines like IL-10. This helps reduce the immune response against the graft, preventing rejection, in the context of the broader immunosuppressive action during transplantation.",Specificity of Answer,3. Appropriately specific: Answer provides the right level of detail for the question
251709,"How might Tacrolimus impact the immune response in kidney transplant patients with a history of renal failure, in terms of cytokine modulation?","The administration of Tacrolimus in kidney transplantation, particularly in patients with a history of renal failure, indirectly influences the production of interleukin 10 (IL-10). By inhibiting calcineurin and thus T-lymphocyte activation, Tacrolimus can lead to increased production of anti-inflammatory cytokines like IL-10. This helps reduce the immune response against the graft, preventing rejection, in the context of the broader immunosuppressive action during transplantation.",Answer Completeness,4. Very complete: Answer addresses nearly all aspects of the question with appropriate depth and context
114049,"How might variability in thiopurine S-methyltransferase activity, in conjunction with glutathione S-transferase pi 1 levels, impact the event-free survival of patients with unspecified psoriasis treated with thiopurine drugs?","Variability in thiopurine S-methyltransferase activity significantly affects the metabolism of thiopurines, influencing both efficacy and toxicity in psoriasis treatment. Patients with higher activity may have better event-free survival due to optimal drug levels, while those with lower activity might experience increased toxicity. Additionally, adequate glutathione S-transferase pi 1 levels can further protect against the harmful effects of thiopurine metabolites, thereby enhancing event-free survival in these patients.",Scientific Validity of the Question,5. Completely valid: Perfectly aligned with current scientific understanding and uses appropriate terminology
114049,"How might variability in thiopurine S-methyltransferase activity, in conjunction with glutathione S-transferase pi 1 levels, impact the event-free survival of patients with unspecified psoriasis treated with thiopurine drugs?","Variability in thiopurine S-methyltransferase activity significantly affects the metabolism of thiopurines, influencing both efficacy and toxicity in psoriasis treatment. Patients with higher activity may have better event-free survival due to optimal drug levels, while those with lower activity might experience increased toxicity. Additionally, adequate glutathione S-transferase pi 1 levels can further protect against the harmful effects of thiopurine metabolites, thereby enhancing event-free survival in these patients.",Scientific Validity of the Answer,4. Very valid: Scientifically accurate with only trivial imprecisions
114049,"How might variability in thiopurine S-methyltransferase activity, in conjunction with glutathione S-transferase pi 1 levels, impact the event-free survival of patients with unspecified psoriasis treated with thiopurine drugs?","Variability in thiopurine S-methyltransferase activity significantly affects the metabolism of thiopurines, influencing both efficacy and toxicity in psoriasis treatment. Patients with higher activity may have better event-free survival due to optimal drug levels, while those with lower activity might experience increased toxicity. Additionally, adequate glutathione S-transferase pi 1 levels can further protect against the harmful effects of thiopurine metabolites, thereby enhancing event-free survival in these patients.",Question Complexity,4. Complex: Question requiring advanced knowledge and analysis of biomedical mechanisms or relationships
114049,"How might variability in thiopurine S-methyltransferase activity, in conjunction with glutathione S-transferase pi 1 levels, impact the event-free survival of patients with unspecified psoriasis treated with thiopurine drugs?","Variability in thiopurine S-methyltransferase activity significantly affects the metabolism of thiopurines, influencing both efficacy and toxicity in psoriasis treatment. Patients with higher activity may have better event-free survival due to optimal drug levels, while those with lower activity might experience increased toxicity. Additionally, adequate glutathione S-transferase pi 1 levels can further protect against the harmful effects of thiopurine metabolites, thereby enhancing event-free survival in these patients.",Specificity of Answer,3. Appropriately specific: Answer provides the right level of detail for the question
114049,"How might variability in thiopurine S-methyltransferase activity, in conjunction with glutathione S-transferase pi 1 levels, impact the event-free survival of patients with unspecified psoriasis treated with thiopurine drugs?","Variability in thiopurine S-methyltransferase activity significantly affects the metabolism of thiopurines, influencing both efficacy and toxicity in psoriasis treatment. Patients with higher activity may have better event-free survival due to optimal drug levels, while those with lower activity might experience increased toxicity. Additionally, adequate glutathione S-transferase pi 1 levels can further protect against the harmful effects of thiopurine metabolites, thereby enhancing event-free survival in these patients.",Answer Completeness,"5. Fully complete: The answer fully and comprehensively covers every aspect of the question, leaving no gaps in information."
118331,"Considering the pharmacokinetic enhancements offered by polyethylene glycol (PEG) conjugation, what is another drug, connected to Certolizumab pegol through shared PEG technology, that might be explored for its therapeutic benefits in conditions requiring prolonged drug exposure?","Pegnivacogin is notable for its utilization of PEG technology, similar to Certolizumab pegol. This modification is known to enhance drug solubility and reduce immunogenicity, potentially benefiting therapeutic areas where longer drug half-life is advantageous, though the specific application of Pegnivacogin would depend on its targeted therapeutic use.",Scientific Validity of the Question,5. Completely valid: Perfectly aligned with current scientific understanding and uses appropriate terminology
118331,"Considering the pharmacokinetic enhancements offered by polyethylene glycol (PEG) conjugation, what is another drug, connected to Certolizumab pegol through shared PEG technology, that might be explored for its therapeutic benefits in conditions requiring prolonged drug exposure?","Pegnivacogin is notable for its utilization of PEG technology, similar to Certolizumab pegol. This modification is known to enhance drug solubility and reduce immunogenicity, potentially benefiting therapeutic areas where longer drug half-life is advantageous, though the specific application of Pegnivacogin would depend on its targeted therapeutic use.",Scientific Validity of the Answer,"5. Completely valid: Perfectly aligned with current scientific understanding, comprehensive, and appropriately nuanced"
118331,"Considering the pharmacokinetic enhancements offered by polyethylene glycol (PEG) conjugation, what is another drug, connected to Certolizumab pegol through shared PEG technology, that might be explored for its therapeutic benefits in conditions requiring prolonged drug exposure?","Pegnivacogin is notable for its utilization of PEG technology, similar to Certolizumab pegol. This modification is known to enhance drug solubility and reduce immunogenicity, potentially benefiting therapeutic areas where longer drug half-life is advantageous, though the specific application of Pegnivacogin would depend on its targeted therapeutic use.",Question Complexity,3. Moderate: Question requiring integration of multiple biomedical concepts
118331,"Considering the pharmacokinetic enhancements offered by polyethylene glycol (PEG) conjugation, what is another drug, connected to Certolizumab pegol through shared PEG technology, that might be explored for its therapeutic benefits in conditions requiring prolonged drug exposure?","Pegnivacogin is notable for its utilization of PEG technology, similar to Certolizumab pegol. This modification is known to enhance drug solubility and reduce immunogenicity, potentially benefiting therapeutic areas where longer drug half-life is advantageous, though the specific application of Pegnivacogin would depend on its targeted therapeutic use.",Specificity of Answer,2. Somewhat general: Answer provides some specifics but lacks precision
118331,"Considering the pharmacokinetic enhancements offered by polyethylene glycol (PEG) conjugation, what is another drug, connected to Certolizumab pegol through shared PEG technology, that might be explored for its therapeutic benefits in conditions requiring prolonged drug exposure?","Pegnivacogin is notable for its utilization of PEG technology, similar to Certolizumab pegol. This modification is known to enhance drug solubility and reduce immunogenicity, potentially benefiting therapeutic areas where longer drug half-life is advantageous, though the specific application of Pegnivacogin would depend on its targeted therapeutic use.",Answer Completeness,3. Moderately complete: Answer covers most critical elements but lacks some details or supporting points
139819,"Considering the pharmacological network involving Azaperone and Cabergoline, identify a compound that likely shares Blonanserin's interaction with the D(3) dopamine receptor, and explain the basis for this inference.","Dexpramipexole. This inference is supported by its connections to both Azaperone and Cabergoline in the graph, and given Cabergoline's established interaction with the D(3) dopamine receptor, it suggests Dexpramipexole may mimic Blonanserin's activity profile at this receptor, highlighting a potential dopaminergic effect similar to Blonanserin's.",Not qualified to evaluate,I cannot evaluate this case with confidence.
197400,"Considering Rituximab's immunomodulatory effects in treating diffuse large B-cell lymphoma, what autoimmune or inflammatory condition, not directly a lymphoma symptom, might a patient be at risk for due to the drug's broader impact on the immune system, also seen in diseases like Systemic lupus erythematosus NOS?","Cheilitis, or lip inflammation, is a potential risk. Rituximab depletes B-cells, significantly altering immune responses. This effect, observed in autoimmune diseases, might also lead to conditions like Cheilitis, possibly through complex immune modulation pathways. While the direct link to Cheilitis involves speculation, Rituximab's influence on the immune system is well-documented, posing risks for various inflammatory conditions.",Scientific Validity of the Question,5. Completely valid: Perfectly aligned with current scientific understanding and uses appropriate terminology
197400,"Considering Rituximab's immunomodulatory effects in treating diffuse large B-cell lymphoma, what autoimmune or inflammatory condition, not directly a lymphoma symptom, might a patient be at risk for due to the drug's broader impact on the immune system, also seen in diseases like Systemic lupus erythematosus NOS?","Cheilitis, or lip inflammation, is a potential risk. Rituximab depletes B-cells, significantly altering immune responses. This effect, observed in autoimmune diseases, might also lead to conditions like Cheilitis, possibly through complex immune modulation pathways. While the direct link to Cheilitis involves speculation, Rituximab's influence on the immune system is well-documented, posing risks for various inflammatory conditions.",Scientific Validity of the Answer,2. Slightly valid: Major scientific inaccuracies mixed with some valid information
197400,"Considering Rituximab's immunomodulatory effects in treating diffuse large B-cell lymphoma, what autoimmune or inflammatory condition, not directly a lymphoma symptom, might a patient be at risk for due to the drug's broader impact on the immune system, also seen in diseases like Systemic lupus erythematosus NOS?","Cheilitis, or lip inflammation, is a potential risk. Rituximab depletes B-cells, significantly altering immune responses. This effect, observed in autoimmune diseases, might also lead to conditions like Cheilitis, possibly through complex immune modulation pathways. While the direct link to Cheilitis involves speculation, Rituximab's influence on the immune system is well-documented, posing risks for various inflammatory conditions.",Question Complexity,4. Complex: Question requiring advanced knowledge and analysis of biomedical mechanisms or relationships
197400,"Considering Rituximab's immunomodulatory effects in treating diffuse large B-cell lymphoma, what autoimmune or inflammatory condition, not directly a lymphoma symptom, might a patient be at risk for due to the drug's broader impact on the immune system, also seen in diseases like Systemic lupus erythematosus NOS?","Cheilitis, or lip inflammation, is a potential risk. Rituximab depletes B-cells, significantly altering immune responses. This effect, observed in autoimmune diseases, might also lead to conditions like Cheilitis, possibly through complex immune modulation pathways. While the direct link to Cheilitis involves speculation, Rituximab's influence on the immune system is well-documented, posing risks for various inflammatory conditions.",Specificity of Answer,3. Appropriately specific: Answer provides the right level of detail for the question
197400,"Considering Rituximab's immunomodulatory effects in treating diffuse large B-cell lymphoma, what autoimmune or inflammatory condition, not directly a lymphoma symptom, might a patient be at risk for due to the drug's broader impact on the immune system, also seen in diseases like Systemic lupus erythematosus NOS?","Cheilitis, or lip inflammation, is a potential risk. Rituximab depletes B-cells, significantly altering immune responses. This effect, observed in autoimmune diseases, might also lead to conditions like Cheilitis, possibly through complex immune modulation pathways. While the direct link to Cheilitis involves speculation, Rituximab's influence on the immune system is well-documented, posing risks for various inflammatory conditions.",Answer Completeness,3. Moderately complete: Answer covers most critical elements but lacks some details or supporting points
191783,"What common formulation component might be shared among drugs like Cepeginterferon alfa-2B, potentially influencing their pharmacokinetic profiles?","Propylene glycol is a common formulation component that might be shared among various drugs, including those like Cepeginterferon alfa-2B. Its presence can influence the solubility, stability, and ultimately, the pharmacokinetic profiles of these drugs. Given the interconnectedness of Cepeginterferon alfa-2B with other drugs in the graphlet, such as Lexaptepid pegol and Pegamotecan, through Propylene glycol, it suggests a possible shared formulation strategy to enhance drug delivery characteristics.",Scientific Validity of the Question,5. Completely valid: Perfectly aligned with current scientific understanding and uses appropriate terminology
191783,"What common formulation component might be shared among drugs like Cepeginterferon alfa-2B, potentially influencing their pharmacokinetic profiles?","Propylene glycol is a common formulation component that might be shared among various drugs, including those like Cepeginterferon alfa-2B. Its presence can influence the solubility, stability, and ultimately, the pharmacokinetic profiles of these drugs. Given the interconnectedness of Cepeginterferon alfa-2B with other drugs in the graphlet, such as Lexaptepid pegol and Pegamotecan, through Propylene glycol, it suggests a possible shared formulation strategy to enhance drug delivery characteristics.",Scientific Validity of the Answer,"5. Completely valid: Perfectly aligned with current scientific understanding, comprehensive, and appropriately nuanced"
191783,"What common formulation component might be shared among drugs like Cepeginterferon alfa-2B, potentially influencing their pharmacokinetic profiles?","Propylene glycol is a common formulation component that might be shared among various drugs, including those like Cepeginterferon alfa-2B. Its presence can influence the solubility, stability, and ultimately, the pharmacokinetic profiles of these drugs. Given the interconnectedness of Cepeginterferon alfa-2B with other drugs in the graphlet, such as Lexaptepid pegol and Pegamotecan, through Propylene glycol, it suggests a possible shared formulation strategy to enhance drug delivery characteristics.",Question Complexity,2. Simple: Straightforward question requiring basic understanding of biomedical concepts
191783,"What common formulation component might be shared among drugs like Cepeginterferon alfa-2B, potentially influencing their pharmacokinetic profiles?","Propylene glycol is a common formulation component that might be shared among various drugs, including those like Cepeginterferon alfa-2B. Its presence can influence the solubility, stability, and ultimately, the pharmacokinetic profiles of these drugs. Given the interconnectedness of Cepeginterferon alfa-2B with other drugs in the graphlet, such as Lexaptepid pegol and Pegamotecan, through Propylene glycol, it suggests a possible shared formulation strategy to enhance drug delivery characteristics.",Specificity of Answer,2. Somewhat general: Answer provides some specifics but lacks precision
191783,"What common formulation component might be shared among drugs like Cepeginterferon alfa-2B, potentially influencing their pharmacokinetic profiles?","Propylene glycol is a common formulation component that might be shared among various drugs, including those like Cepeginterferon alfa-2B. Its presence can influence the solubility, stability, and ultimately, the pharmacokinetic profiles of these drugs. Given the interconnectedness of Cepeginterferon alfa-2B with other drugs in the graphlet, such as Lexaptepid pegol and Pegamotecan, through Propylene glycol, it suggests a possible shared formulation strategy to enhance drug delivery characteristics.",Answer Completeness,"5. Fully complete: The answer fully and comprehensively covers every aspect of the question, leaving no gaps in information."
12677,"Considering the role of the Granulocyte colony-stimulating factor receptor in hematopoiesis, what therapeutic agent, also explored for ophthalmic conditions, is linked to pegylated drugs stimulating granulocyte production?","Abicipar Pegol is the therapeutic agent in question. Notably, its development involves pegylation, a technology also used in Pegfilgrastim, which stimulates granulocyte production via the Granulocyte colony-stimulating factor receptor. This highlights the versatile application of pegylation in drug design, from hematopoietic stimulation to innovative treatments for age-related macular degeneration.",Scientific Validity of the Question,5. Completely valid: Perfectly aligned with current scientific understanding and uses appropriate terminology
12677,"Considering the role of the Granulocyte colony-stimulating factor receptor in hematopoiesis, what therapeutic agent, also explored for ophthalmic conditions, is linked to pegylated drugs stimulating granulocyte production?","Abicipar Pegol is the therapeutic agent in question. Notably, its development involves pegylation, a technology also used in Pegfilgrastim, which stimulates granulocyte production via the Granulocyte colony-stimulating factor receptor. This highlights the versatile application of pegylation in drug design, from hematopoietic stimulation to innovative treatments for age-related macular degeneration.",Scientific Validity of the Answer,"5. Completely valid: Perfectly aligned with current scientific understanding, comprehensive, and appropriately nuanced"
12677,"Considering the role of the Granulocyte colony-stimulating factor receptor in hematopoiesis, what therapeutic agent, also explored for ophthalmic conditions, is linked to pegylated drugs stimulating granulocyte production?","Abicipar Pegol is the therapeutic agent in question. Notably, its development involves pegylation, a technology also used in Pegfilgrastim, which stimulates granulocyte production via the Granulocyte colony-stimulating factor receptor. This highlights the versatile application of pegylation in drug design, from hematopoietic stimulation to innovative treatments for age-related macular degeneration.",Question Complexity,3. Moderate: Question requiring integration of multiple biomedical concepts
12677,"Considering the role of the Granulocyte colony-stimulating factor receptor in hematopoiesis, what therapeutic agent, also explored for ophthalmic conditions, is linked to pegylated drugs stimulating granulocyte production?","Abicipar Pegol is the therapeutic agent in question. Notably, its development involves pegylation, a technology also used in Pegfilgrastim, which stimulates granulocyte production via the Granulocyte colony-stimulating factor receptor. This highlights the versatile application of pegylation in drug design, from hematopoietic stimulation to innovative treatments for age-related macular degeneration.",Specificity of Answer,3. Appropriately specific: Answer provides the right level of detail for the question
12677,"Considering the role of the Granulocyte colony-stimulating factor receptor in hematopoiesis, what therapeutic agent, also explored for ophthalmic conditions, is linked to pegylated drugs stimulating granulocyte production?","Abicipar Pegol is the therapeutic agent in question. Notably, its development involves pegylation, a technology also used in Pegfilgrastim, which stimulates granulocyte production via the Granulocyte colony-stimulating factor receptor. This highlights the versatile application of pegylation in drug design, from hematopoietic stimulation to innovative treatments for age-related macular degeneration.",Answer Completeness,"5. Fully complete: The answer fully and comprehensively covers every aspect of the question, leaving no gaps in information."
22125,"For a patient with ulcerative colitis undergoing kidney transplantation, which immunosuppressive agent, influenced by a specific solute carrier, might be chosen to balance graft survival with minimal exacerbation of colitis, considering its interaction with innate immune receptors?","Tacrolimus. Its pharmacokinetics, influenced by solute carrier organic anion transporter family member 1B3, and its immunomodulatory effects, including potential impact on toll-like receptor 2 signaling, suggest a balance between preventing transplant rejection and minimizing the risk of worsening ulcerative colitis symptoms.",Scientific Validity of the Question,5. Completely valid: Perfectly aligned with current scientific understanding and uses appropriate terminology
22125,"For a patient with ulcerative colitis undergoing kidney transplantation, which immunosuppressive agent, influenced by a specific solute carrier, might be chosen to balance graft survival with minimal exacerbation of colitis, considering its interaction with innate immune receptors?","Tacrolimus. Its pharmacokinetics, influenced by solute carrier organic anion transporter family member 1B3, and its immunomodulatory effects, including potential impact on toll-like receptor 2 signaling, suggest a balance between preventing transplant rejection and minimizing the risk of worsening ulcerative colitis symptoms.",Scientific Validity of the Answer,3. Moderately valid: Contains minor scientific inaccuracies but the core information is correct
22125,"For a patient with ulcerative colitis undergoing kidney transplantation, which immunosuppressive agent, influenced by a specific solute carrier, might be chosen to balance graft survival with minimal exacerbation of colitis, considering its interaction with innate immune receptors?","Tacrolimus. Its pharmacokinetics, influenced by solute carrier organic anion transporter family member 1B3, and its immunomodulatory effects, including potential impact on toll-like receptor 2 signaling, suggest a balance between preventing transplant rejection and minimizing the risk of worsening ulcerative colitis symptoms.",Question Complexity,4. Complex: Question requiring advanced knowledge and analysis of biomedical mechanisms or relationships
22125,"For a patient with ulcerative colitis undergoing kidney transplantation, which immunosuppressive agent, influenced by a specific solute carrier, might be chosen to balance graft survival with minimal exacerbation of colitis, considering its interaction with innate immune receptors?","Tacrolimus. Its pharmacokinetics, influenced by solute carrier organic anion transporter family member 1B3, and its immunomodulatory effects, including potential impact on toll-like receptor 2 signaling, suggest a balance between preventing transplant rejection and minimizing the risk of worsening ulcerative colitis symptoms.",Specificity of Answer,3. Appropriately specific: Answer provides the right level of detail for the question
22125,"For a patient with ulcerative colitis undergoing kidney transplantation, which immunosuppressive agent, influenced by a specific solute carrier, might be chosen to balance graft survival with minimal exacerbation of colitis, considering its interaction with innate immune receptors?","Tacrolimus. Its pharmacokinetics, influenced by solute carrier organic anion transporter family member 1B3, and its immunomodulatory effects, including potential impact on toll-like receptor 2 signaling, suggest a balance between preventing transplant rejection and minimizing the risk of worsening ulcerative colitis symptoms.",Answer Completeness,"5. Fully complete: The answer fully and comprehensively covers every aspect of the question, leaving no gaps in information."
75841,"A patient presents with a cupped ear deformity, a characteristic also found in Kabuki Syndrome 2. Considering the overlap of physical anomalies, what other rare genetic disorder might this patient be at risk for, given the similarity in craniofacial abnormalities?","Given the presence of a cupped ear, a feature common in both Kabuki Syndrome 2 and certain other genetic disorders, the patient might also be at risk for OROFACIODIGITAL SYNDROME XIX (OFD19). This is because both conditions can manifest with overlapping physical anomalies, including craniofacial abnormalities. The connection through shared symptoms like cupped ear suggests a potential for comorbidity or a broader spectrum of genetic anomalies affecting development.",Scientific Validity of the Question,5. Completely valid: Perfectly aligned with current scientific understanding and uses appropriate terminology
75841,"A patient presents with a cupped ear deformity, a characteristic also found in Kabuki Syndrome 2. Considering the overlap of physical anomalies, what other rare genetic disorder might this patient be at risk for, given the similarity in craniofacial abnormalities?","Given the presence of a cupped ear, a feature common in both Kabuki Syndrome 2 and certain other genetic disorders, the patient might also be at risk for OROFACIODIGITAL SYNDROME XIX (OFD19). This is because both conditions can manifest with overlapping physical anomalies, including craniofacial abnormalities. The connection through shared symptoms like cupped ear suggests a potential for comorbidity or a broader spectrum of genetic anomalies affecting development.",Scientific Validity of the Answer,2. Slightly valid: Major scientific inaccuracies mixed with some valid information
75841,"A patient presents with a cupped ear deformity, a characteristic also found in Kabuki Syndrome 2. Considering the overlap of physical anomalies, what other rare genetic disorder might this patient be at risk for, given the similarity in craniofacial abnormalities?","Given the presence of a cupped ear, a feature common in both Kabuki Syndrome 2 and certain other genetic disorders, the patient might also be at risk for OROFACIODIGITAL SYNDROME XIX (OFD19). This is because both conditions can manifest with overlapping physical anomalies, including craniofacial abnormalities. The connection through shared symptoms like cupped ear suggests a potential for comorbidity or a broader spectrum of genetic anomalies affecting development.",Question Complexity,4. Complex: Question requiring advanced knowledge and analysis of biomedical mechanisms or relationships
75841,"A patient presents with a cupped ear deformity, a characteristic also found in Kabuki Syndrome 2. Considering the overlap of physical anomalies, what other rare genetic disorder might this patient be at risk for, given the similarity in craniofacial abnormalities?","Given the presence of a cupped ear, a feature common in both Kabuki Syndrome 2 and certain other genetic disorders, the patient might also be at risk for OROFACIODIGITAL SYNDROME XIX (OFD19). This is because both conditions can manifest with overlapping physical anomalies, including craniofacial abnormalities. The connection through shared symptoms like cupped ear suggests a potential for comorbidity or a broader spectrum of genetic anomalies affecting development.",Specificity of Answer,3. Appropriately specific: Answer provides the right level of detail for the question
75841,"A patient presents with a cupped ear deformity, a characteristic also found in Kabuki Syndrome 2. Considering the overlap of physical anomalies, what other rare genetic disorder might this patient be at risk for, given the similarity in craniofacial abnormalities?","Given the presence of a cupped ear, a feature common in both Kabuki Syndrome 2 and certain other genetic disorders, the patient might also be at risk for OROFACIODIGITAL SYNDROME XIX (OFD19). This is because both conditions can manifest with overlapping physical anomalies, including craniofacial abnormalities. The connection through shared symptoms like cupped ear suggests a potential for comorbidity or a broader spectrum of genetic anomalies affecting development.",Answer Completeness,"5. Fully complete: The answer fully and comprehensively covers every aspect of the question, leaving no gaps in information."
132092,"What is a potential side effect of immunosuppressive therapy, such as that used in transplantation procedures, which could be mitigated by genetic testing for enzyme activity?","Myelosuppression, a condition characterized by decreased activity of the bone marrow, leading to reduced blood cell production, can be a side effect of certain immunosuppressive drugs used in transplantation. Genetic testing for enzymes like thiopurine S-methyltransferase (TPMT) can help predict and mitigate this risk, as TPMT activity influences the metabolism of thiopurine drugs, thereby affecting the likelihood of myelosuppression.",Scientific Validity of the Question,5. Completely valid: Perfectly aligned with current scientific understanding and uses appropriate terminology
132092,"What is a potential side effect of immunosuppressive therapy, such as that used in transplantation procedures, which could be mitigated by genetic testing for enzyme activity?","Myelosuppression, a condition characterized by decreased activity of the bone marrow, leading to reduced blood cell production, can be a side effect of certain immunosuppressive drugs used in transplantation. Genetic testing for enzymes like thiopurine S-methyltransferase (TPMT) can help predict and mitigate this risk, as TPMT activity influences the metabolism of thiopurine drugs, thereby affecting the likelihood of myelosuppression.",Scientific Validity of the Answer,"5. Completely valid: Perfectly aligned with current scientific understanding, comprehensive, and appropriately nuanced"
132092,"What is a potential side effect of immunosuppressive therapy, such as that used in transplantation procedures, which could be mitigated by genetic testing for enzyme activity?","Myelosuppression, a condition characterized by decreased activity of the bone marrow, leading to reduced blood cell production, can be a side effect of certain immunosuppressive drugs used in transplantation. Genetic testing for enzymes like thiopurine S-methyltransferase (TPMT) can help predict and mitigate this risk, as TPMT activity influences the metabolism of thiopurine drugs, thereby affecting the likelihood of myelosuppression.",Question Complexity,4. Complex: Question requiring advanced knowledge and analysis of biomedical mechanisms or relationships
132092,"What is a potential side effect of immunosuppressive therapy, such as that used in transplantation procedures, which could be mitigated by genetic testing for enzyme activity?","Myelosuppression, a condition characterized by decreased activity of the bone marrow, leading to reduced blood cell production, can be a side effect of certain immunosuppressive drugs used in transplantation. Genetic testing for enzymes like thiopurine S-methyltransferase (TPMT) can help predict and mitigate this risk, as TPMT activity influences the metabolism of thiopurine drugs, thereby affecting the likelihood of myelosuppression.",Specificity of Answer,3. Appropriately specific: Answer provides the right level of detail for the question
132092,"What is a potential side effect of immunosuppressive therapy, such as that used in transplantation procedures, which could be mitigated by genetic testing for enzyme activity?","Myelosuppression, a condition characterized by decreased activity of the bone marrow, leading to reduced blood cell production, can be a side effect of certain immunosuppressive drugs used in transplantation. Genetic testing for enzymes like thiopurine S-methyltransferase (TPMT) can help predict and mitigate this risk, as TPMT activity influences the metabolism of thiopurine drugs, thereby affecting the likelihood of myelosuppression.",Answer Completeness,"5. Fully complete: The answer fully and comprehensively covers every aspect of the question, leaving no gaps in information."
125856,"In a patient treated with Interferon_beta-1a for a chronic inflammatory condition, which carboxypeptidase might be of interest when monitoring for potential drug-induced liver injury, considering the drug's immunomodulatory effects?","AGBL carboxypeptidase 4 is noteworthy in monitoring liver health in Interferon_beta-1a treated patients. Through activation of interferon regulatory factor 6, the drug influences immune responses, potentially leading to liver injuries. Altered activity or expression of enzymes like AGBL carboxypeptidase 4 could serve as biomarkers for early detection of liver stress, highlighting the importance of monitoring peptide metabolism in such cases.",Scientific Validity of the Question,5. Completely valid: Perfectly aligned with current scientific understanding and uses appropriate terminology
125856,"In a patient treated with Interferon_beta-1a for a chronic inflammatory condition, which carboxypeptidase might be of interest when monitoring for potential drug-induced liver injury, considering the drug's immunomodulatory effects?","AGBL carboxypeptidase 4 is noteworthy in monitoring liver health in Interferon_beta-1a treated patients. Through activation of interferon regulatory factor 6, the drug influences immune responses, potentially leading to liver injuries. Altered activity or expression of enzymes like AGBL carboxypeptidase 4 could serve as biomarkers for early detection of liver stress, highlighting the importance of monitoring peptide metabolism in such cases.",Scientific Validity of the Answer,2. Slightly valid: Major scientific inaccuracies mixed with some valid information
125856,"In a patient treated with Interferon_beta-1a for a chronic inflammatory condition, which carboxypeptidase might be of interest when monitoring for potential drug-induced liver injury, considering the drug's immunomodulatory effects?","AGBL carboxypeptidase 4 is noteworthy in monitoring liver health in Interferon_beta-1a treated patients. Through activation of interferon regulatory factor 6, the drug influences immune responses, potentially leading to liver injuries. Altered activity or expression of enzymes like AGBL carboxypeptidase 4 could serve as biomarkers for early detection of liver stress, highlighting the importance of monitoring peptide metabolism in such cases.",Question Complexity,3. Moderate: Question requiring integration of multiple biomedical concepts
125856,"In a patient treated with Interferon_beta-1a for a chronic inflammatory condition, which carboxypeptidase might be of interest when monitoring for potential drug-induced liver injury, considering the drug's immunomodulatory effects?","AGBL carboxypeptidase 4 is noteworthy in monitoring liver health in Interferon_beta-1a treated patients. Through activation of interferon regulatory factor 6, the drug influences immune responses, potentially leading to liver injuries. Altered activity or expression of enzymes like AGBL carboxypeptidase 4 could serve as biomarkers for early detection of liver stress, highlighting the importance of monitoring peptide metabolism in such cases.",Specificity of Answer,3. Appropriately specific: Answer provides the right level of detail for the question
125856,"In a patient treated with Interferon_beta-1a for a chronic inflammatory condition, which carboxypeptidase might be of interest when monitoring for potential drug-induced liver injury, considering the drug's immunomodulatory effects?","AGBL carboxypeptidase 4 is noteworthy in monitoring liver health in Interferon_beta-1a treated patients. Through activation of interferon regulatory factor 6, the drug influences immune responses, potentially leading to liver injuries. Altered activity or expression of enzymes like AGBL carboxypeptidase 4 could serve as biomarkers for early detection of liver stress, highlighting the importance of monitoring peptide metabolism in such cases.",Answer Completeness,3. Moderately complete: Answer covers most critical elements but lacks some details or supporting points
106469,"Considering the molecular basis of cystic fibrosis due to defective CFTR, how might alterations in proteasomal function and signaling pathways, such as the Hedgehog pathway, contribute to disease pathology, and what implications might this have for therapeutic strategies?","Alterations in proteasomal function, involving subunits like proteasome 20S beta 2 and beta 5, could impair the degradation of defective CFTR, while an aberrant Hedgehog 'on' state might disrupt epithelial cell homeostasis. These mechanisms, potentially influenced by ER lipid raft associated proteins affecting CFTR localization, offer targets for therapeutic intervention, such as proteasome modulators or Hedgehog pathway inhibitors, which could complement traditional CFTR-targeting treatments.",Scientific Validity of the Question,5. Completely valid: Perfectly aligned with current scientific understanding and uses appropriate terminology
106469,"Considering the molecular basis of cystic fibrosis due to defective CFTR, how might alterations in proteasomal function and signaling pathways, such as the Hedgehog pathway, contribute to disease pathology, and what implications might this have for therapeutic strategies?","Alterations in proteasomal function, involving subunits like proteasome 20S beta 2 and beta 5, could impair the degradation of defective CFTR, while an aberrant Hedgehog 'on' state might disrupt epithelial cell homeostasis. These mechanisms, potentially influenced by ER lipid raft associated proteins affecting CFTR localization, offer targets for therapeutic intervention, such as proteasome modulators or Hedgehog pathway inhibitors, which could complement traditional CFTR-targeting treatments.",Scientific Validity of the Answer,4. Very valid: Scientifically accurate with only trivial imprecisions
106469,"Considering the molecular basis of cystic fibrosis due to defective CFTR, how might alterations in proteasomal function and signaling pathways, such as the Hedgehog pathway, contribute to disease pathology, and what implications might this have for therapeutic strategies?","Alterations in proteasomal function, involving subunits like proteasome 20S beta 2 and beta 5, could impair the degradation of defective CFTR, while an aberrant Hedgehog 'on' state might disrupt epithelial cell homeostasis. These mechanisms, potentially influenced by ER lipid raft associated proteins affecting CFTR localization, offer targets for therapeutic intervention, such as proteasome modulators or Hedgehog pathway inhibitors, which could complement traditional CFTR-targeting treatments.",Question Complexity,5. Very complex: Question requiring synthesis of specialized knowledge across multiple biomedical domains or involving cutting-edge research
106469,"Considering the molecular basis of cystic fibrosis due to defective CFTR, how might alterations in proteasomal function and signaling pathways, such as the Hedgehog pathway, contribute to disease pathology, and what implications might this have for therapeutic strategies?","Alterations in proteasomal function, involving subunits like proteasome 20S beta 2 and beta 5, could impair the degradation of defective CFTR, while an aberrant Hedgehog 'on' state might disrupt epithelial cell homeostasis. These mechanisms, potentially influenced by ER lipid raft associated proteins affecting CFTR localization, offer targets for therapeutic intervention, such as proteasome modulators or Hedgehog pathway inhibitors, which could complement traditional CFTR-targeting treatments.",Specificity of Answer,4. Very specific: Answer is detailed and precise
106469,"Considering the molecular basis of cystic fibrosis due to defective CFTR, how might alterations in proteasomal function and signaling pathways, such as the Hedgehog pathway, contribute to disease pathology, and what implications might this have for therapeutic strategies?","Alterations in proteasomal function, involving subunits like proteasome 20S beta 2 and beta 5, could impair the degradation of defective CFTR, while an aberrant Hedgehog 'on' state might disrupt epithelial cell homeostasis. These mechanisms, potentially influenced by ER lipid raft associated proteins affecting CFTR localization, offer targets for therapeutic intervention, such as proteasome modulators or Hedgehog pathway inhibitors, which could complement traditional CFTR-targeting treatments.",Answer Completeness,4. Very complete: Answer addresses nearly all aspects of the question with appropriate depth and context
166985,A patient is administered Apomorphine for Parkinson's disease treatment. What type of receptor is also likely influenced by another drug that interacts with the same receptor subtype as Methylergometrine and has a similar interaction profile with a medication structurally related to Cariprazine?,"The receptor in question is the 5-hydroxytryptamine receptor 1A. This inference is drawn by recognizing that Apomorphine interacts with D(1A) dopamine receptors, similar to Methylergometrine. Since Cariprazine, which is structurally related to another drug in question, also interacts with the 5-hydroxytryptamine receptor 1A, and given Apomorphine's broad receptor interaction profile including this serotonin receptor subtype, it's logical to deduce the influence on 5-hydroxytryptamine receptor 1A. This is crucial as both dopamine and serotonin play significant roles in the pathophysiology of Parkinson's disease and its treatment side effects.",Scientific Validity of the Question,5. Completely valid: Perfectly aligned with current scientific understanding and uses appropriate terminology
166985,A patient is administered Apomorphine for Parkinson's disease treatment. What type of receptor is also likely influenced by another drug that interacts with the same receptor subtype as Methylergometrine and has a similar interaction profile with a medication structurally related to Cariprazine?,"The receptor in question is the 5-hydroxytryptamine receptor 1A. This inference is drawn by recognizing that Apomorphine interacts with D(1A) dopamine receptors, similar to Methylergometrine. Since Cariprazine, which is structurally related to another drug in question, also interacts with the 5-hydroxytryptamine receptor 1A, and given Apomorphine's broad receptor interaction profile including this serotonin receptor subtype, it's logical to deduce the influence on 5-hydroxytryptamine receptor 1A. This is crucial as both dopamine and serotonin play significant roles in the pathophysiology of Parkinson's disease and its treatment side effects.",Scientific Validity of the Answer,"5. Completely valid: Perfectly aligned with current scientific understanding, comprehensive, and appropriately nuanced"
166985,A patient is administered Apomorphine for Parkinson's disease treatment. What type of receptor is also likely influenced by another drug that interacts with the same receptor subtype as Methylergometrine and has a similar interaction profile with a medication structurally related to Cariprazine?,"The receptor in question is the 5-hydroxytryptamine receptor 1A. This inference is drawn by recognizing that Apomorphine interacts with D(1A) dopamine receptors, similar to Methylergometrine. Since Cariprazine, which is structurally related to another drug in question, also interacts with the 5-hydroxytryptamine receptor 1A, and given Apomorphine's broad receptor interaction profile including this serotonin receptor subtype, it's logical to deduce the influence on 5-hydroxytryptamine receptor 1A. This is crucial as both dopamine and serotonin play significant roles in the pathophysiology of Parkinson's disease and its treatment side effects.",Question Complexity,5. Very complex: Question requiring synthesis of specialized knowledge across multiple biomedical domains or involving cutting-edge research
166985,A patient is administered Apomorphine for Parkinson's disease treatment. What type of receptor is also likely influenced by another drug that interacts with the same receptor subtype as Methylergometrine and has a similar interaction profile with a medication structurally related to Cariprazine?,"The receptor in question is the 5-hydroxytryptamine receptor 1A. This inference is drawn by recognizing that Apomorphine interacts with D(1A) dopamine receptors, similar to Methylergometrine. Since Cariprazine, which is structurally related to another drug in question, also interacts with the 5-hydroxytryptamine receptor 1A, and given Apomorphine's broad receptor interaction profile including this serotonin receptor subtype, it's logical to deduce the influence on 5-hydroxytryptamine receptor 1A. This is crucial as both dopamine and serotonin play significant roles in the pathophysiology of Parkinson's disease and its treatment side effects.",Specificity of Answer,"5. Highly specific: Answer provides exceptional detail and precision, including quantitative data when appropriate"
166985,A patient is administered Apomorphine for Parkinson's disease treatment. What type of receptor is also likely influenced by another drug that interacts with the same receptor subtype as Methylergometrine and has a similar interaction profile with a medication structurally related to Cariprazine?,"The receptor in question is the 5-hydroxytryptamine receptor 1A. This inference is drawn by recognizing that Apomorphine interacts with D(1A) dopamine receptors, similar to Methylergometrine. Since Cariprazine, which is structurally related to another drug in question, also interacts with the 5-hydroxytryptamine receptor 1A, and given Apomorphine's broad receptor interaction profile including this serotonin receptor subtype, it's logical to deduce the influence on 5-hydroxytryptamine receptor 1A. This is crucial as both dopamine and serotonin play significant roles in the pathophysiology of Parkinson's disease and its treatment side effects.",Answer Completeness,"5. Fully complete: The answer fully and comprehensively covers every aspect of the question, leaving no gaps in information."
135559,What primary molecular defect is thought to contribute to the development of symptoms in individuals with Trichothiodystrophy Syndromes?,"The primary molecular defect in Trichothiodystrophy Syndromes is related to defective DNA repair mechanisms, specifically after exposure to ultraviolet radiation. This defect leads to an inability to properly repair DNA damage, resulting in the manifestation of various symptoms associated with the syndromes, including but not limited to skin, eye, and nail abnormalities.",Scientific Validity of the Question,5. Completely valid: Perfectly aligned with current scientific understanding and uses appropriate terminology
135559,What primary molecular defect is thought to contribute to the development of symptoms in individuals with Trichothiodystrophy Syndromes?,"The primary molecular defect in Trichothiodystrophy Syndromes is related to defective DNA repair mechanisms, specifically after exposure to ultraviolet radiation. This defect leads to an inability to properly repair DNA damage, resulting in the manifestation of various symptoms associated with the syndromes, including but not limited to skin, eye, and nail abnormalities.",Scientific Validity of the Answer,3. Moderately valid: Contains minor scientific inaccuracies but the core information is correct
135559,What primary molecular defect is thought to contribute to the development of symptoms in individuals with Trichothiodystrophy Syndromes?,"The primary molecular defect in Trichothiodystrophy Syndromes is related to defective DNA repair mechanisms, specifically after exposure to ultraviolet radiation. This defect leads to an inability to properly repair DNA damage, resulting in the manifestation of various symptoms associated with the syndromes, including but not limited to skin, eye, and nail abnormalities.",Question Complexity,3. Moderate: Question requiring integration of multiple biomedical concepts
135559,What primary molecular defect is thought to contribute to the development of symptoms in individuals with Trichothiodystrophy Syndromes?,"The primary molecular defect in Trichothiodystrophy Syndromes is related to defective DNA repair mechanisms, specifically after exposure to ultraviolet radiation. This defect leads to an inability to properly repair DNA damage, resulting in the manifestation of various symptoms associated with the syndromes, including but not limited to skin, eye, and nail abnormalities.",Specificity of Answer,2. Somewhat general: Answer provides some specifics but lacks precision
135559,What primary molecular defect is thought to contribute to the development of symptoms in individuals with Trichothiodystrophy Syndromes?,"The primary molecular defect in Trichothiodystrophy Syndromes is related to defective DNA repair mechanisms, specifically after exposure to ultraviolet radiation. This defect leads to an inability to properly repair DNA damage, resulting in the manifestation of various symptoms associated with the syndromes, including but not limited to skin, eye, and nail abnormalities.",Answer Completeness,3. Moderately complete: Answer covers most critical elements but lacks some details or supporting points
212423,"Which cephalosporin antibiotic is positioned to be of particular interest when investigating potential pharmacokinetic interactions with medical cannabis, considering the network of anesthetic compounds?","Cephalosporin_C is notable in the context of medical cannabis research due to its connection with Methohexital, a barbiturate used in anesthesia, which in turn is linked to Medical_cannabis. This connection suggests Cephalosporin_C might be relevant when studying potential interactions between antibiotics and cannabis, especially considering the evolution of anesthetic practices from historical agents like Chloroform, also connected within this pharmacological network.",Scientific Validity of the Question,3. Moderately valid: Contains minor scientific inaccuracies but the core question is scientifically sound
212423,"Which cephalosporin antibiotic is positioned to be of particular interest when investigating potential pharmacokinetic interactions with medical cannabis, considering the network of anesthetic compounds?","Cephalosporin_C is notable in the context of medical cannabis research due to its connection with Methohexital, a barbiturate used in anesthesia, which in turn is linked to Medical_cannabis. This connection suggests Cephalosporin_C might be relevant when studying potential interactions between antibiotics and cannabis, especially considering the evolution of anesthetic practices from historical agents like Chloroform, also connected within this pharmacological network.",Scientific Validity of the Answer,2. Slightly valid: Major scientific inaccuracies mixed with some valid information
212423,"Which cephalosporin antibiotic is positioned to be of particular interest when investigating potential pharmacokinetic interactions with medical cannabis, considering the network of anesthetic compounds?","Cephalosporin_C is notable in the context of medical cannabis research due to its connection with Methohexital, a barbiturate used in anesthesia, which in turn is linked to Medical_cannabis. This connection suggests Cephalosporin_C might be relevant when studying potential interactions between antibiotics and cannabis, especially considering the evolution of anesthetic practices from historical agents like Chloroform, also connected within this pharmacological network.",Question Complexity,4. Complex: Question requiring advanced knowledge and analysis of biomedical mechanisms or relationships
212423,"Which cephalosporin antibiotic is positioned to be of particular interest when investigating potential pharmacokinetic interactions with medical cannabis, considering the network of anesthetic compounds?","Cephalosporin_C is notable in the context of medical cannabis research due to its connection with Methohexital, a barbiturate used in anesthesia, which in turn is linked to Medical_cannabis. This connection suggests Cephalosporin_C might be relevant when studying potential interactions between antibiotics and cannabis, especially considering the evolution of anesthetic practices from historical agents like Chloroform, also connected within this pharmacological network.",Specificity of Answer,2. Somewhat general: Answer provides some specifics but lacks precision
212423,"Which cephalosporin antibiotic is positioned to be of particular interest when investigating potential pharmacokinetic interactions with medical cannabis, considering the network of anesthetic compounds?","Cephalosporin_C is notable in the context of medical cannabis research due to its connection with Methohexital, a barbiturate used in anesthesia, which in turn is linked to Medical_cannabis. This connection suggests Cephalosporin_C might be relevant when studying potential interactions between antibiotics and cannabis, especially considering the evolution of anesthetic practices from historical agents like Chloroform, also connected within this pharmacological network.",Answer Completeness,3. Moderately complete: Answer covers most critical elements but lacks some details or supporting points
269431,"A patient is experiencing prolonged neuromuscular blockade after treatment. Considering the provided therapeutic agents, which mechanism is most likely implicated in this adverse effect, and what is a plausible alternative treatment that could mitigate this issue?","The mechanism most likely implicated in the prolonged neuromuscular blockade is the potentiation of neuromuscular junction inhibition. Both Letibotulinumtoxina (a botulinum toxin) and Neosaxitoxin (a potent sodium channel blocker) can enhance neuromuscular blockade, potentially exacerbated by Streptomycin (an aminoglycoside antibiotic known to prolong neuromuscular blockade). Arbekacin, another aminoglycoside but with a reportedly lower propensity for neuromuscular blockade compared to Streptomycin, could be a plausible alternative to mitigate this adverse effect, although careful consideration of the patient's overall clinical context is necessary.",Scientific Validity of the Question,5. Completely valid: Perfectly aligned with current scientific understanding and uses appropriate terminology
269431,"A patient is experiencing prolonged neuromuscular blockade after treatment. Considering the provided therapeutic agents, which mechanism is most likely implicated in this adverse effect, and what is a plausible alternative treatment that could mitigate this issue?","The mechanism most likely implicated in the prolonged neuromuscular blockade is the potentiation of neuromuscular junction inhibition. Both Letibotulinumtoxina (a botulinum toxin) and Neosaxitoxin (a potent sodium channel blocker) can enhance neuromuscular blockade, potentially exacerbated by Streptomycin (an aminoglycoside antibiotic known to prolong neuromuscular blockade). Arbekacin, another aminoglycoside but with a reportedly lower propensity for neuromuscular blockade compared to Streptomycin, could be a plausible alternative to mitigate this adverse effect, although careful consideration of the patient's overall clinical context is necessary.",Scientific Validity of the Answer,"5. Completely valid: Perfectly aligned with current scientific understanding, comprehensive, and appropriately nuanced"
269431,"A patient is experiencing prolonged neuromuscular blockade after treatment. Considering the provided therapeutic agents, which mechanism is most likely implicated in this adverse effect, and what is a plausible alternative treatment that could mitigate this issue?","The mechanism most likely implicated in the prolonged neuromuscular blockade is the potentiation of neuromuscular junction inhibition. Both Letibotulinumtoxina (a botulinum toxin) and Neosaxitoxin (a potent sodium channel blocker) can enhance neuromuscular blockade, potentially exacerbated by Streptomycin (an aminoglycoside antibiotic known to prolong neuromuscular blockade). Arbekacin, another aminoglycoside but with a reportedly lower propensity for neuromuscular blockade compared to Streptomycin, could be a plausible alternative to mitigate this adverse effect, although careful consideration of the patient's overall clinical context is necessary.",Question Complexity,3. Moderate: Question requiring integration of multiple biomedical concepts
269431,"A patient is experiencing prolonged neuromuscular blockade after treatment. Considering the provided therapeutic agents, which mechanism is most likely implicated in this adverse effect, and what is a plausible alternative treatment that could mitigate this issue?","The mechanism most likely implicated in the prolonged neuromuscular blockade is the potentiation of neuromuscular junction inhibition. Both Letibotulinumtoxina (a botulinum toxin) and Neosaxitoxin (a potent sodium channel blocker) can enhance neuromuscular blockade, potentially exacerbated by Streptomycin (an aminoglycoside antibiotic known to prolong neuromuscular blockade). Arbekacin, another aminoglycoside but with a reportedly lower propensity for neuromuscular blockade compared to Streptomycin, could be a plausible alternative to mitigate this adverse effect, although careful consideration of the patient's overall clinical context is necessary.",Specificity of Answer,3. Appropriately specific: Answer provides the right level of detail for the question
269431,"A patient is experiencing prolonged neuromuscular blockade after treatment. Considering the provided therapeutic agents, which mechanism is most likely implicated in this adverse effect, and what is a plausible alternative treatment that could mitigate this issue?","The mechanism most likely implicated in the prolonged neuromuscular blockade is the potentiation of neuromuscular junction inhibition. Both Letibotulinumtoxina (a botulinum toxin) and Neosaxitoxin (a potent sodium channel blocker) can enhance neuromuscular blockade, potentially exacerbated by Streptomycin (an aminoglycoside antibiotic known to prolong neuromuscular blockade). Arbekacin, another aminoglycoside but with a reportedly lower propensity for neuromuscular blockade compared to Streptomycin, could be a plausible alternative to mitigate this adverse effect, although careful consideration of the patient's overall clinical context is necessary.",Answer Completeness,"5. Fully complete: The answer fully and comprehensively covers every aspect of the question, leaving no gaps in information."
97866,"In the context of liver transplantation, what molecular mechanism might be impacted by the immunosuppressive regimen, potentially influencing the development of Type 2 diabetes mellitus in the recipient?","The immunosuppressive regimen, specifically Tacrolimus, may affect the function of the potassium inwardly rectifying channel subfamily J member 11 (KIR6.1/KCNJ11). This impact on KIR6.1, which plays a crucial role in pancreatic beta-cell function and insulin secretion, could contribute to the increased risk of developing Type 2 diabetes mellitus (T2DM) post-transplantation. Additionally, the anti-inflammatory effects of Tacrolimus via modulation of interleukin 10 (IL-10) levels might also indirectly influence metabolic pathways, although the primary concern regarding T2DM risk remains the direct effect on pancreatic function through KIR6.1.",Scientific Validity of the Question,5. Completely valid: Perfectly aligned with current scientific understanding and uses appropriate terminology
97866,"In the context of liver transplantation, what molecular mechanism might be impacted by the immunosuppressive regimen, potentially influencing the development of Type 2 diabetes mellitus in the recipient?","The immunosuppressive regimen, specifically Tacrolimus, may affect the function of the potassium inwardly rectifying channel subfamily J member 11 (KIR6.1/KCNJ11). This impact on KIR6.1, which plays a crucial role in pancreatic beta-cell function and insulin secretion, could contribute to the increased risk of developing Type 2 diabetes mellitus (T2DM) post-transplantation. Additionally, the anti-inflammatory effects of Tacrolimus via modulation of interleukin 10 (IL-10) levels might also indirectly influence metabolic pathways, although the primary concern regarding T2DM risk remains the direct effect on pancreatic function through KIR6.1.",Scientific Validity of the Answer,3. Moderately valid: Contains minor scientific inaccuracies but the core information is correct
97866,"In the context of liver transplantation, what molecular mechanism might be impacted by the immunosuppressive regimen, potentially influencing the development of Type 2 diabetes mellitus in the recipient?","The immunosuppressive regimen, specifically Tacrolimus, may affect the function of the potassium inwardly rectifying channel subfamily J member 11 (KIR6.1/KCNJ11). This impact on KIR6.1, which plays a crucial role in pancreatic beta-cell function and insulin secretion, could contribute to the increased risk of developing Type 2 diabetes mellitus (T2DM) post-transplantation. Additionally, the anti-inflammatory effects of Tacrolimus via modulation of interleukin 10 (IL-10) levels might also indirectly influence metabolic pathways, although the primary concern regarding T2DM risk remains the direct effect on pancreatic function through KIR6.1.",Question Complexity,4. Complex: Question requiring advanced knowledge and analysis of biomedical mechanisms or relationships
97866,"In the context of liver transplantation, what molecular mechanism might be impacted by the immunosuppressive regimen, potentially influencing the development of Type 2 diabetes mellitus in the recipient?","The immunosuppressive regimen, specifically Tacrolimus, may affect the function of the potassium inwardly rectifying channel subfamily J member 11 (KIR6.1/KCNJ11). This impact on KIR6.1, which plays a crucial role in pancreatic beta-cell function and insulin secretion, could contribute to the increased risk of developing Type 2 diabetes mellitus (T2DM) post-transplantation. Additionally, the anti-inflammatory effects of Tacrolimus via modulation of interleukin 10 (IL-10) levels might also indirectly influence metabolic pathways, although the primary concern regarding T2DM risk remains the direct effect on pancreatic function through KIR6.1.",Specificity of Answer,3. Appropriately specific: Answer provides the right level of detail for the question
97866,"In the context of liver transplantation, what molecular mechanism might be impacted by the immunosuppressive regimen, potentially influencing the development of Type 2 diabetes mellitus in the recipient?","The immunosuppressive regimen, specifically Tacrolimus, may affect the function of the potassium inwardly rectifying channel subfamily J member 11 (KIR6.1/KCNJ11). This impact on KIR6.1, which plays a crucial role in pancreatic beta-cell function and insulin secretion, could contribute to the increased risk of developing Type 2 diabetes mellitus (T2DM) post-transplantation. Additionally, the anti-inflammatory effects of Tacrolimus via modulation of interleukin 10 (IL-10) levels might also indirectly influence metabolic pathways, although the primary concern regarding T2DM risk remains the direct effect on pancreatic function through KIR6.1.",Answer Completeness,3. Moderately complete: Answer covers most critical elements but lacks some details or supporting points
